Country/Territory,Region,C/T,Edition,Status,PR Rating,CL Rating,Total
Abkhazia,Eurasia,t,2017,PF,4,5,41
Afghanistan,Asia,c,2017,NF,6,6,24
Albania,Europe,c,2017,PF,3,3,68
Algeria,MENA,c,2017,NF,6,5,35
Andorra,Europe,c,2017,F,1,1,95
Angola,SSA,c,2017,NF,6,6,24
Antigua and Barbuda,Americas,c,2017,F,2,2,83
Argentina,Americas,c,2017,F,2,2,82
Armenia,Eurasia,c,2017,PF,5,4,45
Australia,Asia,c,2017,F,1,1,98
Austria,Europe,c,2017,F,1,1,95
Azerbaijan,Eurasia,c,2017,NF,7,6,14
Bahamas,Americas,c,2017,F,1,1,91
Bahrain,MENA,c,2017,NF,7,6,12
Bangladesh,Asia,c,2017,PF,4,4,47
Barbados,Americas,c,2017,F,1,1,98
Belarus,Eurasia,c,2017,NF,7,6,20
Belgium,Europe,c,2017,F,1,1,95
Belize,Americas,c,2017,F,1,2,87
Benin,SSA,c,2017,F,2,2,82
Bhutan,Asia,c,2017,PF,3,4,55
Bolivia,Americas,c,2017,PF,3,3,68
Bosnia and Herzegovina,Europe,c,2017,PF,4,4,55
Botswana,SSA,c,2017,F,3,2,72
Brazil,Americas,c,2017,F,2,2,79
Brunei,Asia,c,2017,NF,6,5,29
Bulgaria,Europe,c,2017,F,2,2,80
Burkina Faso,SSA,c,2017,PF,4,3,63
Burundi,SSA,c,2017,NF,7,6,19
Cambodia,Asia,c,2017,NF,6,5,31
Cameroon,SSA,c,2017,NF,6,6,24
Canada,Americas,c,2017,F,1,1,99
Cape Verde,SSA,c,2017,F,1,1,90
Central African Republic,SSA,c,2017,NF,7,7,10
Chad,SSA,c,2017,NF,7,6,18
Chile,Americas,c,2017,F,1,1,94
China,Asia,c,2017,NF,7,6,15
Colombia,Americas,c,2017,PF,3,3,64
Comoros,SSA,c,2017,PF,3,4,55
Congo (Brazzaville),SSA,c,2017,NF,7,5,27
Congo (Kinshasa),SSA,c,2017,NF,7,6,19
Costa Rica,Americas,c,2017,F,1,1,91
Cote d'Ivoire,SSA,c,2017,PF,4,4,52
Crimea,Eurasia,t,2017,NF,7,6,9
Croatia,Europe,c,2017,F,1,2,87
Cuba,Americas,c,2017,NF,7,6,15
Cyprus,Europe,c,2017,F,1,1,94
Czech Republic,Europe,c,2017,F,1,1,94
Denmark,Europe,c,2017,F,1,1,97
Djibouti,SSA,c,2017,NF,6,5,26
Dominica,Americas,c,2017,F,1,1,95
Dominican Republic,Americas,c,2017,PF,3,3,68
Ecuador,Americas,c,2017,PF,3,4,57
Egypt,MENA,c,2017,NF,6,5,26
El Salvador,Americas,c,2017,F,2,3,70
Equatorial Guinea,SSA,c,2017,NF,7,7,8
Eritrea,SSA,c,2017,NF,7,7,3
Estonia,Europe,c,2017,F,1,1,94
Ethiopia,SSA,c,2017,NF,7,6,12
Fiji,Asia,c,2017,PF,3,4,59
Finland,Europe,c,2017,F,1,1,100
France,Europe,c,2017,F,1,2,90
Gabon,SSA,c,2017,NF,6,5,32
Gaza Strip,MENA,t,2017,NF,7,6,12
Georgia,Eurasia,c,2017,PF,3,3,64
Germany,Europe,c,2017,F,1,1,95
Ghana,SSA,c,2017,F,1,2,83
Greece,Europe,c,2017,F,2,2,84
Grenada,Americas,c,2017,F,1,2,89
Guatemala,Americas,c,2017,PF,4,4,54
Guinea,SSA,c,2017,PF,5,5,41
Guinea-Bissau,SSA,c,2017,PF,5,5,40
Guyana,Americas,c,2017,F,2,3,74
Haiti,Americas,c,2017,PF,5,5,39
Honduras,Americas,c,2017,PF,4,4,46
Hong Kong,Asia,t,2017,PF,5,2,61
Hungary,Europe,c,2017,F,3,2,76
Iceland,Europe,c,2017,F,1,1,97
India,Asia,c,2017,F,2,3,77
Indian Kashmir,Asia,t,2017,PF,4,4,50
Indonesia,Asia,c,2017,PF,2,4,65
Iran,MENA,c,2017,NF,6,6,17
Iraq,MENA,c,2017,NF,5,6,27
Ireland,Europe,c,2017,F,1,1,96
Israel,MENA,c,2017,F,1,2,80
Italy,Europe,c,2017,F,1,1,89
Jamaica,Americas,c,2017,F,2,3,75
Japan,Asia,c,2017,F,1,1,96
Jordan,MENA,c,2017,PF,5,5,37
Kazakhstan,Eurasia,c,2017,NF,7,5,22
Kenya,SSA,c,2017,PF,4,4,51
Kiribati,Asia,c,2017,F,1,1,92
Kosovo,Europe,c,2017,PF,3,4,52
Kuwait,MENA,c,2017,PF,5,5,36
Kyrgyzstan,Eurasia,c,2017,PF,5,5,37
Laos,Asia,c,2017,NF,7,6,12
Latvia,Europe,c,2017,F,1,2,87
Lebanon,MENA,c,2017,PF,5,4,44
Lesotho,SSA,c,2017,PF,3,3,64
Liberia,SSA,c,2017,PF,3,4,62
Libya,MENA,c,2017,NF,7,6,13
Liechtenstein,Europe,c,2017,F,2,1,91
Lithuania,Europe,c,2017,F,1,1,91
Luxembourg,Europe,c,2017,F,1,1,98
Macedonia,Europe,c,2017,PF,4,3,57
Madagascar,SSA,c,2017,PF,3,4,56
Malawi,SSA,c,2017,PF,3,3,63
Malaysia,Asia,c,2017,PF,4,4,44
Maldives,Asia,c,2017,PF,5,5,40
Mali,SSA,c,2017,PF,5,4,45
Malta,Europe,c,2017,F,1,1,96
Marshall Islands,Asia,c,2017,F,1,1,92
Mauritania,SSA,c,2017,NF,6,5,30
Mauritius,SSA,c,2017,F,1,2,89
Mexico,Americas,c,2017,PF,3,3,65
Micronesia,Asia,c,2017,F,1,1,93
Moldova,Eurasia,c,2017,PF,3,3,62
Monaco,Europe,c,2017,F,3,1,84
Mongolia,Asia,c,2017,F,1,2,85
Montenegro,Europe,c,2017,PF,3,3,69
Morocco,MENA,c,2017,PF,5,4,41
Mozambique,SSA,c,2017,PF,4,4,53
Myanmar,Asia,c,2017,PF,5,5,32
Nagorno-Karabakh,Eurasia,t,2017,PF,5,5,33
Namibia,SSA,c,2017,F,2,2,77
Nauru,Asia,c,2017,F,2,2,81
Nepal,Asia,c,2017,PF,3,4,52
Netherlands,Europe,c,2017,F,1,1,99
New Zealand,Asia,c,2017,F,1,1,98
Nicaragua,Americas,c,2017,PF,5,4,47
Niger,SSA,c,2017,PF,4,4,49
Nigeria,SSA,c,2017,PF,3,5,50
North Korea,Asia,c,2017,NF,7,7,3
Northern Cyprus,Europe,t,2017,F,2,2,80
Norway,Europe,c,2017,F,1,1,100
Oman,MENA,c,2017,NF,6,5,25
Pakistan,Asia,c,2017,PF,4,5,43
Pakistani Kashmir,Asia,t,2017,NF,6,5,28
Palau,Asia,c,2017,F,1,1,92
Panama,Americas,c,2017,F,2,2,83
Papua New Guinea,Asia,c,2017,PF,3,3,64
Paraguay,Americas,c,2017,PF,3,3,64
Peru,Americas,c,2017,F,2,3,72
Philippines,Asia,c,2017,PF,3,3,63
Poland,Europe,c,2017,F,1,2,89
Portugal,Europe,c,2017,F,1,1,97
Qatar,MENA,c,2017,NF,6,5,26
Romania,Europe,c,2017,F,2,2,84
Russia,Eurasia,c,2017,NF,7,6,20
Rwanda,SSA,c,2017,NF,6,6,24
Samoa,Asia,c,2017,F,2,2,80
San Marino,Europe,c,2017,F,1,1,97
Sao Tome and Principe,SSA,c,2017,F,2,2,81
Saudi Arabia,MENA,c,2017,NF,7,7,10
Senegal,SSA,c,2017,F,2,2,78
Serbia,Europe,c,2017,F,3,2,76
Seychelles,SSA,c,2017,PF,3,3,71
Sierra Leone,SSA,c,2017,PF,3,3,66
Singapore,Asia,c,2017,PF,4,4,51
Slovakia,Europe,c,2017,F,1,1,89
Slovenia,Europe,c,2017,F,1,1,92
Solomon Islands,Asia,c,2017,F,3,2,71
Somalia,SSA,c,2017,NF,7,7,5
Somaliland,SSA,t,2017,PF,5,5,40
South Africa,SSA,c,2017,F,2,2,78
South Korea,Asia,c,2017,F,2,2,82
South Ossetia,Eurasia,t,2017,NF,7,6,11
South Sudan,SSA,c,2017,NF,7,7,4
Spain,Europe,c,2017,F,1,1,94
Sri Lanka,Asia,c,2017,PF,3,4,56
St. Kitts and Nevis,Americas,c,2017,F,1,1,89
St. Lucia,Americas,c,2017,F,1,1,92
St. Vincent and the Grenadines,Americas,c,2017,F,1,1,91
Sudan,SSA,c,2017,NF,7,7,6
Suriname,Americas,c,2017,F,2,3,77
Swaziland,SSA,c,2017,NF,7,5,18
Sweden,Europe,c,2017,F,1,1,100
Switzerland,Europe,c,2017,F,1,1,96
Syria,MENA,c,2017,NF,7,7,-1
Taiwan,Asia,c,2017,F,1,1,91
Tajikistan,Eurasia,c,2017,NF,7,6,11
Tanzania,SSA,c,2017,PF,3,4,58
Thailand,Asia,c,2017,NF,6,5,32
The Gambia,SSA,c,2017,NF,6,6,20
Tibet,Asia,t,2017,NF,7,7,1
Timor-Leste,Asia,c,2017,PF,3,3,65
Togo,SSA,c,2017,PF,4,4,48
Tonga,Asia,c,2017,F,2,2,74
Transnistria,Eurasia,t,2017,NF,6,6,24
Trinidad and Tobago,Americas,c,2017,F,2,2,81
Tunisia,MENA,c,2017,F,1,3,78
Turkey,Europe,c,2017,PF,4,5,38
Turkmenistan,Eurasia,c,2017,NF,7,7,4
Tuvalu,Asia,c,2017,F,1,1,94
Uganda,SSA,c,2017,NF,6,5,35
Ukraine,Eurasia,c,2017,PF,3,3,61
United Arab Emirates,MENA,c,2017,NF,6,6,20
United Kingdom,Europe,c,2017,F,1,1,95
United States,Americas,c,2017,F,1,1,89
Uruguay,Americas,c,2017,F,1,1,98
Uzbekistan,Eurasia,c,2017,NF,7,7,3
Vanuatu,Asia,c,2017,F,2,2,80
Venezuela,Americas,c,2017,NF,6,5,30
Vietnam,Asia,c,2017,NF,7,5,20
West Bank,MENA,t,2017,NF,7,5,28
Western Sahara,MENA,t,2017,NF,7,7,4
Yemen,MENA,c,2017,NF,7,6,14
Zambia,SSA,c,2017,PF,4,4,56
Zimbabwe,SSA,c,2017,PF,5,5,32
Abkhazia,Eurasia,t,2016,PF,4,5,42
Afghanistan,Asia,c,2016,NF,6,6,24
Albania,Europe,c,2016,PF,3,3,67
Algeria,MENA,c,2016,NF,6,5,35
Andorra,Europe,c,2016,F,1,1,96
Angola,SSA,c,2016,NF,6,6,24
Antigua and Barbuda,Americas,c,2016,F,2,2,82
Argentina,Americas,c,2016,F,2,2,79
Armenia,Eurasia,c,2016,PF,5,4,46
Australia,Asia,c,2016,F,1,1,98
Austria,Europe,c,2016,F,1,1,95
Azerbaijan,Eurasia,c,2016,NF,7,6,16
Bahamas,Americas,c,2016,F,1,1,92
Bahrain,MENA,c,2016,NF,7,6,14
Bangladesh,Asia,c,2016,PF,4,4,49
Barbados,Americas,c,2016,F,1,1,98
Belarus,Eurasia,c,2016,NF,7,6,17
Belgium,Europe,c,2016,F,1,1,96
Belize,Americas,c,2016,F,1,2,87
Benin,SSA,c,2016,F,2,2,82
Bhutan,Asia,c,2016,PF,3,4,56
Bolivia,Americas,c,2016,PF,3,3,68
Bosnia and Herzegovina,Europe,c,2016,PF,4,3,57
Botswana,SSA,c,2016,F,3,2,73
Brazil,Americas,c,2016,F,2,2,81
Brunei,Asia,c,2016,NF,6,5,29
Bulgaria,Europe,c,2016,F,2,2,80
Burkina Faso,SSA,c,2016,PF,4,3,59
Burundi,SSA,c,2016,NF,7,6,19
Cambodia,Asia,c,2016,NF,6,5,32
Cameroon,SSA,c,2016,NF,6,6,24
Canada,Americas,c,2016,F,1,1,99
Cape Verde,SSA,c,2016,F,1,1,90
Central African Republic,SSA,c,2016,NF,7,7,7
Chad,SSA,c,2016,NF,7,6,20
Chile,Americas,c,2016,F,1,1,95
China,Asia,c,2016,NF,7,6,16
Colombia,Americas,c,2016,PF,3,4,63
Comoros,SSA,c,2016,PF,3,4,55
Congo (Brazzaville),SSA,c,2016,NF,6,5,28
Congo (Kinshasa),SSA,c,2016,NF,6,6,25
Costa Rica,Americas,c,2016,F,1,1,90
Cote d'Ivoire,SSA,c,2016,PF,4,4,51
Crimea,Eurasia,t,2016,NF,7,6,9
Croatia,Europe,c,2016,F,1,2,87
Cuba,Americas,c,2016,NF,7,6,15
Cyprus,Europe,c,2016,F,1,1,94
Czech Republic,Europe,c,2016,F,1,1,95
Denmark,Europe,c,2016,F,1,1,98
Djibouti,SSA,c,2016,NF,6,5,28
Dominica,Americas,c,2016,F,1,1,95
Dominican Republic,Americas,c,2016,PF,3,3,70
Ecuador,Americas,c,2016,PF,3,3,59
Egypt,MENA,c,2016,NF,6,5,27
El Salvador,Americas,c,2016,F,2,3,69
Equatorial Guinea,SSA,c,2016,NF,7,7,8
Eritrea,SSA,c,2016,NF,7,7,3
Estonia,Europe,c,2016,F,1,1,94
Ethiopia,SSA,c,2016,NF,7,6,15
Fiji,Asia,c,2016,PF,3,3,62
Finland,Europe,c,2016,F,1,1,100
France,Europe,c,2016,F,1,1,91
Gabon,SSA,c,2016,NF,6,5,34
Gaza Strip,MENA,t,2016,NF,7,6,12
Georgia,Eurasia,c,2016,PF,3,3,64
Germany,Europe,c,2016,F,1,1,95
Ghana,SSA,c,2016,F,1,2,83
Greece,Europe,c,2016,F,2,2,83
Grenada,Americas,c,2016,F,1,2,89
Guatemala,Americas,c,2016,PF,4,4,54
Guinea,SSA,c,2016,PF,5,5,40
Guinea-Bissau,SSA,c,2016,PF,5,5,39
Guyana,Americas,c,2016,F,2,3,74
Haiti,Americas,c,2016,PF,5,5,41
Honduras,Americas,c,2016,PF,4,4,45
Hong Kong,Asia,t,2016,PF,5,2,63
Hungary,Europe,c,2016,F,2,2,79
Iceland,Europe,c,2016,F,1,1,100
India,Asia,c,2016,F,2,3,77
Indian Kashmir,Asia,t,2016,PF,4,4,51
Indonesia,Asia,c,2016,PF,2,4,65
Iran,MENA,c,2016,NF,6,6,17
Iraq,MENA,c,2016,NF,5,6,27
Ireland,Europe,c,2016,F,1,1,96
Israel,MENA,c,2016,F,1,2,80
Italy,Europe,c,2016,F,1,1,89
Jamaica,Americas,c,2016,F,2,3,75
Japan,Asia,c,2016,F,1,1,96
Jordan,MENA,c,2016,NF,6,5,36
Kazakhstan,Eurasia,c,2016,NF,6,5,24
Kenya,SSA,c,2016,PF,4,4,51
Kiribati,Asia,c,2016,F,1,1,91
Kosovo,Europe,c,2016,PF,3,4,52
Kuwait,MENA,c,2016,PF,5,5,36
Kyrgyzstan,Eurasia,c,2016,PF,5,5,38
Laos,Asia,c,2016,NF,7,6,12
Latvia,Europe,c,2016,F,2,2,86
Lebanon,MENA,c,2016,PF,5,4,43
Lesotho,SSA,c,2016,PF,3,3,67
Liberia,SSA,c,2016,PF,3,4,61
Libya,MENA,c,2016,NF,6,6,20
Liechtenstein,Europe,c,2016,F,1,1,98
Lithuania,Europe,c,2016,F,1,1,91
Luxembourg,Europe,c,2016,F,1,1,98
Macedonia,Europe,c,2016,PF,4,3,57
Madagascar,SSA,c,2016,PF,3,4,56
Malawi,SSA,c,2016,PF,3,3,64
Malaysia,Asia,c,2016,PF,4,4,45
Maldives,Asia,c,2016,PF,4,5,43
Mali,SSA,c,2016,PF,5,4,45
Malta,Europe,c,2016,F,1,1,96
Marshall Islands,Asia,c,2016,F,1,1,92
Mauritania,SSA,c,2016,NF,6,5,30
Mauritius,SSA,c,2016,F,1,2,90
Mexico,Americas,c,2016,PF,3,3,65
Micronesia,Asia,c,2016,F,1,1,93
Moldova,Eurasia,c,2016,PF,3,3,60
Monaco,Europe,c,2016,F,2,1,88
Mongolia,Asia,c,2016,F,1,2,86
Montenegro,Europe,c,2016,PF,3,3,70
Morocco,MENA,c,2016,PF,5,4,41
Mozambique,SSA,c,2016,PF,4,4,56
Myanmar,Asia,c,2016,NF,6,5,28
Nagorno-Karabakh,Eurasia,t,2016,PF,5,5,33
Namibia,SSA,c,2016,F,2,2,77
Nauru,Asia,c,2016,F,2,2,84
Nepal,Asia,c,2016,PF,3,4,51
Netherlands,Europe,c,2016,F,1,1,99
New Zealand,Asia,c,2016,F,1,1,98
Nicaragua,Americas,c,2016,PF,4,3,54
Niger,SSA,c,2016,PF,3,4,52
Nigeria,SSA,c,2016,PF,4,5,48
North Korea,Asia,c,2016,NF,7,7,3
Northern Cyprus,Europe,t,2016,F,2,2,79
Norway,Europe,c,2016,F,1,1,100
Oman,MENA,c,2016,NF,6,5,25
Pakistan,Asia,c,2016,PF,4,5,41
Pakistani Kashmir,Asia,t,2016,NF,6,5,28
Palau,Asia,c,2016,F,1,1,92
Panama,Americas,c,2016,F,2,2,83
Papua New Guinea,Asia,c,2016,PF,4,3,59
Paraguay,Americas,c,2016,PF,3,3,64
Peru,Americas,c,2016,F,2,3,71
Philippines,Asia,c,2016,PF,3,3,65
Poland,Europe,c,2016,F,1,1,93
Portugal,Europe,c,2016,F,1,1,97
Puerto Rico,Americas,t,2016,F,1,1,90
Qatar,MENA,c,2016,NF,6,5,27
Romania,Europe,c,2016,F,2,2,83
Russia,Eurasia,c,2016,NF,6,6,22
Rwanda,SSA,c,2016,NF,6,6,24
Samoa,Asia,c,2016,F,2,2,80
San Marino,Europe,c,2016,F,1,1,100
Sao Tome and Principe,SSA,c,2016,F,2,2,81
Saudi Arabia,MENA,c,2016,NF,7,7,10
Senegal,SSA,c,2016,F,2,2,78
Serbia,Europe,c,2016,F,2,2,78
Seychelles,SSA,c,2016,PF,3,3,68
Sierra Leone,SSA,c,2016,PF,3,3,65
Singapore,Asia,c,2016,PF,4,4,51
Slovakia,Europe,c,2016,F,1,1,89
Slovenia,Europe,c,2016,F,1,1,92
Solomon Islands,Asia,c,2016,PF,3,3,68
Somalia,SSA,c,2016,NF,7,7,2
Somaliland,SSA,t,2016,PF,5,5,40
South Africa,SSA,c,2016,F,2,2,79
South Korea,Asia,c,2016,F,2,2,83
South Ossetia,Eurasia,t,2016,NF,7,6,11
South Sudan,SSA,c,2016,NF,7,6,14
Spain,Europe,c,2016,F,1,1,95
Sri Lanka,Asia,c,2016,PF,4,4,55
St. Kitts and Nevis,Americas,c,2016,F,2,1,88
St. Lucia,Americas,c,2016,F,1,1,92
St. Vincent and the Grenadines,Americas,c,2016,F,1,1,91
Sudan,SSA,c,2016,NF,7,7,6
Suriname,Americas,c,2016,F,2,3,77
Swaziland,SSA,c,2016,NF,7,5,18
Sweden,Europe,c,2016,F,1,1,100
Switzerland,Europe,c,2016,F,1,1,96
Syria,MENA,c,2016,NF,7,7,-1
Taiwan,Asia,c,2016,F,1,2,89
Tajikistan,Eurasia,c,2016,NF,7,6,16
Tanzania,SSA,c,2016,PF,3,4,60
Thailand,Asia,c,2016,NF,6,5,32
The Gambia,SSA,c,2016,NF,7,6,18
Tibet,Asia,t,2016,NF,7,7,1
Timor-Leste,Asia,c,2016,PF,3,3,65
Togo,SSA,c,2016,PF,4,4,48
Tonga,Asia,c,2016,F,2,2,75
Transnistria,Eurasia,t,2016,NF,6,6,24
Trinidad and Tobago,Americas,c,2016,F,2,2,81
Tunisia,MENA,c,2016,F,1,3,79
Turkey,Europe,c,2016,PF,3,4,53
Turkmenistan,Eurasia,c,2016,NF,7,7,4
Tuvalu,Asia,c,2016,F,1,1,94
Uganda,SSA,c,2016,NF,6,5,36
Ukraine,Eurasia,c,2016,PF,3,3,61
United Arab Emirates,MENA,c,2016,NF,6,6,20
United Kingdom,Europe,c,2016,F,1,1,95
United States,Americas,c,2016,F,1,1,90
Uruguay,Americas,c,2016,F,1,1,98
Uzbekistan,Eurasia,c,2016,NF,7,7,3
Vanuatu,Asia,c,2016,F,2,2,78
Venezuela,Americas,c,2016,PF,5,5,35
Vietnam,Asia,c,2016,NF,7,5,20
West Bank,MENA,t,2016,NF,6,5,30
Western Sahara,MENA,t,2016,NF,7,7,4
Yemen,MENA,c,2016,NF,7,6,17
Zambia,SSA,c,2016,PF,3,4,60
Zimbabwe,SSA,c,2016,PF,5,5,32
Abkhazia,Eurasia,t,2015,PF,4,5,41
Afghanistan,Asia,c,2015,NF,6,6,24
Albania,Europe,c,2015,PF,3,3,67
Algeria,MENA,c,2015,NF,6,5,34
Andorra,Europe,c,2015,F,1,1,96
Angola,SSA,c,2015,NF,6,5,28
Antigua and Barbuda,Americas,c,2015,F,2,2,80
Argentina,Americas,c,2015,F,2,2,80
Armenia,Eurasia,c,2015,PF,5,4,46
Australia,Asia,c,2015,F,1,1,97
Austria,Europe,c,2015,F,1,1,96
Azerbaijan,Eurasia,c,2015,NF,6,6,20
Bahamas,Americas,c,2015,F,1,1,96
Bahrain,MENA,c,2015,NF,7,6,15
Bangladesh,Asia,c,2015,PF,4,4,50
Barbados,Americas,c,2015,F,1,1,99
Belarus,Eurasia,c,2015,NF,7,6,14
Belgium,Europe,c,2015,F,1,1,97
Belize,Americas,c,2015,F,1,2,87
Benin,SSA,c,2015,F,2,2,81
Bhutan,Asia,c,2015,PF,3,4,56
Bolivia,Americas,c,2015,PF,3,3,68
Bosnia and Herzegovina,Europe,c,2015,PF,4,3,60
Botswana,SSA,c,2015,F,3,2,73
Brazil,Americas,c,2015,F,2,2,81
Brunei,Asia,c,2015,NF,6,5,30
Bulgaria,Europe,c,2015,F,2,2,79
Burkina Faso,SSA,c,2015,PF,6,3,45
Burundi,SSA,c,2015,NF,6,5,32
Cambodia,Asia,c,2015,NF,6,5,31
Cameroon,SSA,c,2015,NF,6,6,25
Canada,Americas,c,2015,F,1,1,98
Cape Verde,SSA,c,2015,F,1,1,90
Central African Republic,SSA,c,2015,NF,7,7,6
Chad,SSA,c,2015,NF,7,6,21
Chile,Americas,c,2015,F,1,1,95
China,Asia,c,2015,NF,7,6,17
Colombia,Americas,c,2015,PF,3,4,63
Comoros,SSA,c,2015,PF,3,4,55
Congo (Brazzaville),SSA,c,2015,NF,6,5,30
Congo (Kinshasa),SSA,c,2015,NF,6,6,25
Costa Rica,Americas,c,2015,F,1,1,90
Cote d'Ivoire,SSA,c,2015,PF,5,4,46
Crimea,Eurasia,t,2015,NF,7,6,10
Croatia,Europe,c,2015,F,1,2,86
Cuba,Americas,c,2015,NF,7,6,14
Cyprus,Europe,c,2015,F,1,1,93
Czech Republic,Europe,c,2015,F,1,1,95
Denmark,Europe,c,2015,F,1,1,98
Djibouti,SSA,c,2015,NF,6,5,28
Dominica,Americas,c,2015,F,1,1,95
Dominican Republic,Americas,c,2015,F,2,3,73
Ecuador,Americas,c,2015,PF,3,3,59
Egypt,MENA,c,2015,NF,6,5,26
El Salvador,Americas,c,2015,F,2,3,75
Equatorial Guinea,SSA,c,2015,NF,7,7,8
Eritrea,SSA,c,2015,NF,7,7,3
Estonia,Europe,c,2015,F,1,1,95
Ethiopia,SSA,c,2015,NF,6,6,18
Fiji,Asia,c,2015,PF,3,4,60
Finland,Europe,c,2015,F,1,1,100
France,Europe,c,2015,F,1,1,95
Gabon,SSA,c,2015,NF,6,5,34
Gaza Strip,MENA,t,2015,NF,7,6,15
Georgia,Eurasia,c,2015,PF,3,3,64
Germany,Europe,c,2015,F,1,1,96
Ghana,SSA,c,2015,F,1,2,84
Greece,Europe,c,2015,F,2,2,83
Grenada,Americas,c,2015,F,1,2,89
Guatemala,Americas,c,2015,PF,3,4,55
Guinea,SSA,c,2015,PF,5,5,41
Guinea-Bissau,SSA,c,2015,PF,5,5,40
Guyana,Americas,c,2015,F,2,3,71
Haiti,Americas,c,2015,PF,5,5,41
Honduras,Americas,c,2015,PF,4,4,49
Hong Kong,Asia,t,2015,PF,5,2,65
Hungary,Europe,c,2015,F,2,2,82
Iceland,Europe,c,2015,F,1,1,99
India,Asia,c,2015,F,2,3,78
Indian Kashmir,Asia,t,2015,PF,4,4,51
Indonesia,Asia,c,2015,PF,2,4,64
Iran,MENA,c,2015,NF,6,6,17
Iraq,MENA,c,2015,NF,6,6,24
Ireland,Europe,c,2015,F,1,1,97
Israel,MENA,c,2015,F,1,2,80
Italy,Europe,c,2015,F,1,1,89
Jamaica,Americas,c,2015,F,2,3,74
Japan,Asia,c,2015,F,1,1,94
Jordan,MENA,c,2015,NF,6,5,36
Kazakhstan,Eurasia,c,2015,NF,6,5,24
Kenya,SSA,c,2015,PF,4,4,51
Kiribati,Asia,c,2015,F,1,1,91
Kosovo,Europe,c,2015,PF,4,4,52
Kuwait,MENA,c,2015,PF,5,5,37
Kyrgyzstan,Eurasia,c,2015,PF,5,5,38
Laos,Asia,c,2015,NF,7,6,12
Latvia,Europe,c,2015,F,2,2,85
Lebanon,MENA,c,2015,PF,5,4,44
Lesotho,SSA,c,2015,F,2,3,71
Liberia,SSA,c,2015,PF,3,4,56
Libya,MENA,c,2015,NF,6,6,23
Liechtenstein,Europe,c,2015,F,1,1,98
Lithuania,Europe,c,2015,F,1,1,91
Luxembourg,Europe,c,2015,F,1,1,98
Macedonia,Europe,c,2015,PF,4,3,60
Madagascar,SSA,c,2015,PF,4,4,52
Malawi,SSA,c,2015,PF,3,4,61
Malaysia,Asia,c,2015,PF,4,4,46
Maldives,Asia,c,2015,PF,4,4,48
Mali,SSA,c,2015,PF,5,4,44
Malta,Europe,c,2015,F,1,1,97
Marshall Islands,Asia,c,2015,F,1,1,91
Mauritania,SSA,c,2015,NF,6,5,31
Mauritius,SSA,c,2015,F,1,2,90
Mexico,Americas,c,2015,PF,3,3,64
Micronesia,Asia,c,2015,F,1,1,93
Moldova,Eurasia,c,2015,PF,3,3,63
Monaco,Europe,c,2015,F,2,1,88
Mongolia,Asia,c,2015,F,1,2,86
Montenegro,Europe,c,2015,F,3,2,71
Morocco,MENA,c,2015,PF,5,4,42
Mozambique,SSA,c,2015,PF,4,3,58
Myanmar,Asia,c,2015,NF,6,6,25
Nagorno-Karabakh,Eurasia,t,2015,PF,5,5,30
Namibia,SSA,c,2015,F,2,2,76
Nauru,Asia,c,2015,F,1,2,88
Nepal,Asia,c,2015,PF,3,4,51
Netherlands,Europe,c,2015,F,1,1,99
New Zealand,Asia,c,2015,F,1,1,97
Nicaragua,Americas,c,2015,PF,4,3,54
Niger,SSA,c,2015,PF,3,4,56
Nigeria,SSA,c,2015,PF,4,5,43
North Korea,Asia,c,2015,NF,7,7,3
Northern Cyprus,Europe,t,2015,F,2,2,79
Norway,Europe,c,2015,F,1,1,100
Oman,MENA,c,2015,NF,6,5,26
Pakistan,Asia,c,2015,PF,4,5,42
Pakistani Kashmir,Asia,t,2015,NF,6,5,29
Palau,Asia,c,2015,F,1,1,92
Panama,Americas,c,2015,F,2,2,82
Papua New Guinea,Asia,c,2015,PF,4,3,59
Paraguay,Americas,c,2015,PF,3,3,65
Peru,Americas,c,2015,F,2,3,71
Philippines,Asia,c,2015,PF,3,3,63
Poland,Europe,c,2015,F,1,1,93
Portugal,Europe,c,2015,F,1,1,97
Puerto Rico,Americas,t,2015,F,1,2,89
Qatar,MENA,c,2015,NF,6,5,28
Romania,Europe,c,2015,F,2,2,83
Russia,Eurasia,c,2015,NF,6,6,23
Rwanda,SSA,c,2015,NF,6,6,25
Samoa,Asia,c,2015,F,2,2,81
San Marino,Europe,c,2015,F,1,1,100
Sao Tome and Principe,SSA,c,2015,F,2,2,81
Saudi Arabia,MENA,c,2015,NF,7,7,10
Senegal,SSA,c,2015,F,2,2,78
Serbia,Europe,c,2015,F,2,2,80
Seychelles,SSA,c,2015,PF,3,3,67
Sierra Leone,SSA,c,2015,PF,3,3,65
Singapore,Asia,c,2015,PF,4,4,51
Slovakia,Europe,c,2015,F,1,1,90
Slovenia,Europe,c,2015,F,1,1,91
Solomon Islands,Asia,c,2015,PF,3,3,68
Somalia,SSA,c,2015,NF,7,7,2
Somaliland,SSA,t,2015,PF,4,5,46
South Africa,SSA,c,2015,F,2,2,81
South Korea,Asia,c,2015,F,2,2,84
South Ossetia,Eurasia,t,2015,NF,7,6,10
South Sudan,SSA,c,2015,NF,7,6,15
Spain,Europe,c,2015,F,1,1,96
Sri Lanka,Asia,c,2015,PF,5,5,41
St. Kitts and Nevis,Americas,c,2015,F,1,1,90
St. Lucia,Americas,c,2015,F,1,1,92
St. Vincent and the Grenadines,Americas,c,2015,F,1,1,90
Sudan,SSA,c,2015,NF,7,7,6
Suriname,Americas,c,2015,F,2,2,77
Swaziland,SSA,c,2015,NF,7,5,18
Sweden,Europe,c,2015,F,1,1,99
Switzerland,Europe,c,2015,F,1,1,96
Syria,MENA,c,2015,NF,7,7,-1
Taiwan,Asia,c,2015,F,1,2,88
Tajikistan,Eurasia,c,2015,NF,6,6,22
Tanzania,SSA,c,2015,PF,3,3,63
Thailand,Asia,c,2015,NF,6,5,33
The Gambia,SSA,c,2015,NF,6,6,20
Tibet,Asia,t,2015,NF,7,7,1
Timor-Leste,Asia,c,2015,PF,3,3,65
Togo,SSA,c,2015,PF,4,4,47
Tonga,Asia,c,2015,F,2,2,75
Transnistria,Eurasia,t,2015,NF,6,6,24
Trinidad and Tobago,Americas,c,2015,F,2,2,81
Tunisia,MENA,c,2015,F,1,3,79
Turkey,Europe,c,2015,PF,3,4,55
Turkmenistan,Eurasia,c,2015,NF,7,7,6
Tuvalu,Asia,c,2015,F,1,1,94
Uganda,SSA,c,2015,NF,6,5,36
Ukraine,Eurasia,c,2015,PF,3,3,62
United Arab Emirates,MENA,c,2015,NF,6,6,21
United Kingdom,Europe,c,2015,F,1,1,97
United States,Americas,c,2015,F,1,1,92
Uruguay,Americas,c,2015,F,1,1,98
Uzbekistan,Eurasia,c,2015,NF,7,7,4
Vanuatu,Asia,c,2015,F,2,2,79
Venezuela,Americas,c,2015,PF,5,5,35
Vietnam,Asia,c,2015,NF,7,5,20
West Bank,MENA,t,2015,NF,6,5,31
Western Sahara,MENA,t,2015,NF,7,7,5
Yemen,MENA,c,2015,NF,6,6,25
Zambia,SSA,c,2015,PF,3,4,60
Zimbabwe,SSA,c,2015,NF,5,6,28
Abkhazia,Eurasia,t,2014,PF,4,5,40
Afghanistan,Asia,c,2014,NF,6,6,26
Albania,Europe,c,2014,PF,3,3,67
Algeria,MENA,c,2014,NF,6,5,34
Andorra,Europe,c,2014,F,1,1,96
Angola,SSA,c,2014,NF,6,5,29
Antigua and Barbuda,Americas,c,2014,F,2,2,80
Argentina,Americas,c,2014,F,2,2,80
Armenia,Eurasia,c,2014,PF,5,4,43
Australia,Asia,c,2014,F,1,1,97
Austria,Europe,c,2014,F,1,1,96
Azerbaijan,Eurasia,c,2014,NF,6,6,22
Bahamas,Americas,c,2014,F,1,1,96
Bahrain,MENA,c,2014,NF,6,6,16
Bangladesh,Asia,c,2014,PF,3,4,53
Barbados,Americas,c,2014,F,1,1,99
Belarus,Eurasia,c,2014,NF,7,6,14
Belgium,Europe,c,2014,F,1,1,97
Belize,Americas,c,2014,F,1,2,87
Benin,SSA,c,2014,F,2,2,80
Bhutan,Asia,c,2014,PF,3,4,55
Bolivia,Americas,c,2014,PF,3,3,67
Bosnia and Herzegovina,Europe,c,2014,PF,3,3,61
Botswana,SSA,c,2014,F,3,2,74
Brazil,Americas,c,2014,F,2,2,81
Brunei,Asia,c,2014,NF,6,5,30
Bulgaria,Europe,c,2014,F,2,2,78
Burkina Faso,SSA,c,2014,PF,5,3,53
Burundi,SSA,c,2014,PF,5,5,34
Cambodia,Asia,c,2014,NF,6,5,30
Cameroon,SSA,c,2014,NF,6,6,24
Canada,Americas,c,2014,F,1,1,98
Cape Verde,SSA,c,2014,F,1,1,90
Central African Republic,SSA,c,2014,NF,7,7,6
Chad,SSA,c,2014,NF,7,6,21
Chile,Americas,c,2014,F,1,1,95
China,Asia,c,2014,NF,7,6,17
Colombia,Americas,c,2014,PF,3,4,62
Comoros,SSA,c,2014,PF,3,4,55
Congo (Brazzaville),SSA,c,2014,NF,6,5,30
Congo (Kinshasa),SSA,c,2014,NF,6,6,20
Costa Rica,Americas,c,2014,F,1,1,90
Cote d'Ivoire,SSA,c,2014,PF,5,4,45
Croatia,Europe,c,2014,F,1,2,86
Cuba,Americas,c,2014,NF,7,6,12
Cyprus,Europe,c,2014,F,1,1,92
Czech Republic,Europe,c,2014,F,1,1,94
Denmark,Europe,c,2014,F,1,1,98
Djibouti,SSA,c,2014,NF,6,5,29
Dominica,Americas,c,2014,F,1,1,95
Dominican Republic,Americas,c,2014,F,2,3,73
Ecuador,Americas,c,2014,PF,3,3,60
Egypt,MENA,c,2014,NF,6,5,31
El Salvador,Americas,c,2014,F,2,3,77
Equatorial Guinea,SSA,c,2014,NF,7,7,8
Eritrea,SSA,c,2014,NF,7,7,3
Estonia,Europe,c,2014,F,1,1,95
Ethiopia,SSA,c,2014,NF,6,6,18
Fiji,Asia,c,2014,PF,6,4,37
Finland,Europe,c,2014,F,1,1,100
France,Europe,c,2014,F,1,1,95
Gabon,SSA,c,2014,NF,6,5,34
Gaza Strip,MENA,t,2014,NF,7,6,15
Georgia,Eurasia,c,2014,PF,3,3,63
Germany,Europe,c,2014,F,1,1,96
Ghana,SSA,c,2014,F,1,2,84
Greece,Europe,c,2014,F,2,2,83
Grenada,Americas,c,2014,F,1,2,89
Guatemala,Americas,c,2014,PF,3,4,56
Guinea,SSA,c,2014,PF,5,5,41
Guinea-Bissau,SSA,c,2014,NF,6,5,32
Guyana,Americas,c,2014,F,2,3,72
Haiti,Americas,c,2014,PF,4,5,43
Honduras,Americas,c,2014,PF,4,4,51
Hong Kong,Asia,t,2014,PF,5,2,67
Hungary,Europe,c,2014,F,1,2,88
Iceland,Europe,c,2014,F,1,1,100
India,Asia,c,2014,F,2,3,77
Indian Kashmir,Asia,t,2014,PF,4,4,49
Indonesia,Asia,c,2014,PF,2,4,64
Iran,MENA,c,2014,NF,6,6,17
Iraq,MENA,c,2014,NF,5,6,25
Ireland,Europe,c,2014,F,1,1,97
Israel,MENA,c,2014,F,1,2,81
Italy,Europe,c,2014,F,1,1,90
Jamaica,Americas,c,2014,F,2,3,74
Japan,Asia,c,2014,F,1,1,90
Jordan,MENA,c,2014,NF,6,5,35
Kazakhstan,Eurasia,c,2014,NF,6,5,25
Kenya,SSA,c,2014,PF,4,4,53
Kiribati,Asia,c,2014,F,1,1,91
Kosovo,Europe,c,2014,PF,5,4,43
Kuwait,MENA,c,2014,PF,5,5,39
Kyrgyzstan,Eurasia,c,2014,PF,5,5,39
Laos,Asia,c,2014,NF,7,6,12
Latvia,Europe,c,2014,F,2,2,84
Lebanon,MENA,c,2014,PF,5,4,48
Lesotho,SSA,c,2014,F,2,3,72
Liberia,SSA,c,2014,PF,3,4,59
Libya,MENA,c,2014,PF,4,5,41
Liechtenstein,Europe,c,2014,F,1,1,98
Lithuania,Europe,c,2014,F,1,1,90
Luxembourg,Europe,c,2014,F,1,1,99
Macedonia,Europe,c,2014,PF,3,3,64
Madagascar,SSA,c,2014,PF,5,4,43
Malawi,SSA,c,2014,PF,3,4,60
Malaysia,Asia,c,2014,PF,4,4,47
Maldives,Asia,c,2014,PF,4,4,48
Mali,SSA,c,2014,PF,5,4,44
Malta,Europe,c,2014,F,1,1,97
Marshall Islands,Asia,c,2014,F,1,1,91
Mauritania,SSA,c,2014,NF,6,5,34
Mauritius,SSA,c,2014,F,1,2,90
Mexico,Americas,c,2014,PF,3,3,65
Micronesia,Asia,c,2014,F,1,1,93
Moldova,Eurasia,c,2014,PF,3,3,64
Monaco,Europe,c,2014,F,2,1,88
Mongolia,Asia,c,2014,F,1,2,86
Montenegro,Europe,c,2014,F,3,2,72
Morocco,MENA,c,2014,PF,5,4,42
Mozambique,SSA,c,2014,PF,4,3,58
Myanmar,Asia,c,2014,NF,6,5,26
Nagorno-Karabakh,Eurasia,t,2014,PF,5,5,31
Namibia,SSA,c,2014,F,2,2,76
Nauru,Asia,c,2014,F,1,1,92
Nepal,Asia,c,2014,PF,4,4,50
Netherlands,Europe,c,2014,F,1,1,99
New Zealand,Asia,c,2014,F,1,1,97
Nicaragua,Americas,c,2014,PF,4,3,54
Niger,SSA,c,2014,PF,3,4,56
Nigeria,SSA,c,2014,PF,4,4,46
North Korea,Asia,c,2014,NF,7,7,3
Northern Cyprus,Europe,t,2014,F,2,2,79
Norway,Europe,c,2014,F,1,1,100
Oman,MENA,c,2014,NF,6,5,26
Pakistan,Asia,c,2014,PF,4,5,42
Pakistani Kashmir,Asia,t,2014,NF,6,5,29
Palau,Asia,c,2014,F,1,1,92
Panama,Americas,c,2014,F,2,2,82
Papua New Guinea,Asia,c,2014,PF,3,3,60
Paraguay,Americas,c,2014,PF,3,3,61
Peru,Americas,c,2014,F,2,3,71
Philippines,Asia,c,2014,PF,3,3,63
Poland,Europe,c,2014,F,1,1,93
Portugal,Europe,c,2014,F,1,1,97
Puerto Rico,Americas,t,2014,F,1,2,89
Qatar,MENA,c,2014,NF,6,5,28
Romania,Europe,c,2014,F,2,2,84
Russia,Eurasia,c,2014,NF,6,5,26
Rwanda,SSA,c,2014,NF,6,5,26
Samoa,Asia,c,2014,F,2,2,81
San Marino,Europe,c,2014,F,1,1,100
Sao Tome and Principe,SSA,c,2014,F,2,2,81
Saudi Arabia,MENA,c,2014,NF,7,7,10
Senegal,SSA,c,2014,F,2,2,79
Serbia,Europe,c,2014,F,2,2,78
Seychelles,SSA,c,2014,PF,3,3,67
Sierra Leone,SSA,c,2014,PF,3,3,67
Singapore,Asia,c,2014,PF,4,4,51
Slovakia,Europe,c,2014,F,1,1,91
Slovenia,Europe,c,2014,F,1,1,91
Solomon Islands,Asia,c,2014,PF,4,3,65
Somalia,SSA,c,2014,NF,7,7,2
Somaliland,SSA,t,2014,PF,4,5,46
South Africa,SSA,c,2014,F,2,2,81
South Korea,Asia,c,2014,F,2,2,85
South Ossetia,Eurasia,t,2014,NF,7,6,5
South Sudan,SSA,c,2014,NF,6,6,24
Spain,Europe,c,2014,F,1,1,96
Sri Lanka,Asia,c,2014,PF,5,4,42
St. Kitts and Nevis,Americas,c,2014,F,1,1,90
St. Lucia,Americas,c,2014,F,1,1,92
St. Vincent and the Grenadines,Americas,c,2014,F,1,1,89
Sudan,SSA,c,2014,NF,7,7,7
Suriname,Americas,c,2014,F,2,2,77
Swaziland,SSA,c,2014,NF,7,5,20
Sweden,Europe,c,2014,F,1,1,99
Switzerland,Europe,c,2014,F,1,1,96
Syria,MENA,c,2014,NF,7,7,1
Taiwan,Asia,c,2014,F,1,2,88
Tajikistan,Eurasia,c,2014,NF,6,6,24
Tanzania,SSA,c,2014,PF,3,3,64
Thailand,Asia,c,2014,PF,4,4,54
The Gambia,SSA,c,2014,NF,6,6,21
Tibet,Asia,t,2014,NF,7,7,1
Timor-Leste,Asia,c,2014,PF,3,4,63
Togo,SSA,c,2014,PF,4,4,47
Tonga,Asia,c,2014,F,2,2,75
Transnistria,Eurasia,t,2014,NF,6,6,24
Trinidad and Tobago,Americas,c,2014,F,2,2,81
Tunisia,MENA,c,2014,PF,3,3,63
Turkey,Europe,c,2014,PF,3,4,60
Turkmenistan,Eurasia,c,2014,NF,7,7,7
Tuvalu,Asia,c,2014,F,1,1,94
Uganda,SSA,c,2014,PF,6,4,37
Ukraine,Eurasia,c,2014,PF,4,3,55
United Arab Emirates,MENA,c,2014,NF,6,6,21
United Kingdom,Europe,c,2014,F,1,1,97
United States,Americas,c,2014,F,1,1,92
Uruguay,Americas,c,2014,F,1,1,98
Uzbekistan,Eurasia,c,2014,NF,7,7,4
Vanuatu,Asia,c,2014,F,2,2,79
Venezuela,Americas,c,2014,PF,5,5,38
Vietnam,Asia,c,2014,NF,7,5,20
West Bank,MENA,t,2014,NF,6,5,31
Western Sahara,MENA,t,2014,NF,7,7,5
Yemen,MENA,c,2014,NF,6,6,26
Zambia,SSA,c,2014,PF,3,4,59
Zimbabwe,SSA,c,2014,NF,5,6,28
Abkhazia,Eurasia,t,2013,PF,4,5,40
Afghanistan,Asia,c,2013,NF,6,6,27
Albania,Europe,c,2013,PF,3,3,63
Algeria,MENA,c,2013,NF,6,5,35
Andorra,Europe,c,2013,F,1,1,96
Angola,SSA,c,2013,NF,6,5,30
Antigua and Barbuda,Americas,c,2013,F,2,2,80
Argentina,Americas,c,2013,F,2,2,80
Armenia,Eurasia,c,2013,PF,5,4,42
Australia,Asia,c,2013,F,1,1,97
Austria,Europe,c,2013,F,1,1,96
Azerbaijan,Eurasia,c,2013,NF,6,5,23
Bahamas,Americas,c,2013,F,1,1,96
Bahrain,MENA,c,2013,NF,6,6,18
Bangladesh,Asia,c,2013,PF,3,4,56
Barbados,Americas,c,2013,F,1,1,99
Belarus,Eurasia,c,2013,NF,7,6,14
Belgium,Europe,c,2013,F,1,1,97
Belize,Americas,c,2013,F,1,2,88
Benin,SSA,c,2013,F,2,2,82
Bhutan,Asia,c,2013,PF,4,5,46
Bolivia,Americas,c,2013,PF,3,3,69
Bosnia and Herzegovina,Europe,c,2013,PF,3,3,62
Botswana,SSA,c,2013,F,3,2,74
Brazil,Americas,c,2013,F,2,2,81
Brunei,Asia,c,2013,NF,6,5,30
Bulgaria,Europe,c,2013,F,2,2,81
Burkina Faso,SSA,c,2013,PF,5,3,53
Burundi,SSA,c,2013,PF,5,5,34
Cambodia,Asia,c,2013,NF,6,5,29
Cameroon,SSA,c,2013,NF,6,6,23
Canada,Americas,c,2013,F,1,1,98
Cape Verde,SSA,c,2013,F,1,1,90
Central African Republic,SSA,c,2013,PF,5,5,35
Chad,SSA,c,2013,NF,7,6,21
Chile,Americas,c,2013,F,1,1,96
China,Asia,c,2013,NF,7,6,17
Colombia,Americas,c,2013,PF,3,4,61
Comoros,SSA,c,2013,PF,3,4,55
Congo (Brazzaville),SSA,c,2013,NF,6,5,29
Congo (Kinshasa),SSA,c,2013,NF,6,6,20
Costa Rica,Americas,c,2013,F,1,1,91
Cote d'Ivoire,SSA,c,2013,PF,5,5,34
Croatia,Europe,c,2013,F,1,2,86
Cuba,Americas,c,2013,NF,7,6,11
Cyprus,Europe,c,2013,F,1,1,93
Czech Republic,Europe,c,2013,F,1,1,95
Denmark,Europe,c,2013,F,1,1,98
Djibouti,SSA,c,2013,NF,6,5,29
Dominica,Americas,c,2013,F,1,1,95
Dominican Republic,Americas,c,2013,F,2,2,75
Ecuador,Americas,c,2013,PF,3,3,60
Egypt,MENA,c,2013,PF,5,5,41
El Salvador,Americas,c,2013,F,2,3,77
Equatorial Guinea,SSA,c,2013,NF,7,7,8
Eritrea,SSA,c,2013,NF,7,7,3
Estonia,Europe,c,2013,F,1,1,95
Ethiopia,SSA,c,2013,NF,6,6,18
Fiji,Asia,c,2013,PF,6,4,37
Finland,Europe,c,2013,F,1,1,100
France,Europe,c,2013,F,1,1,95
Gabon,SSA,c,2013,NF,6,5,34
Gaza Strip,MENA,t,2013,NF,6,6,19
Georgia,Eurasia,c,2013,PF,3,3,60
Germany,Europe,c,2013,F,1,1,96
Ghana,SSA,c,2013,F,1,2,84
Greece,Europe,c,2013,F,2,2,83
Grenada,Americas,c,2013,F,1,2,89
Guatemala,Americas,c,2013,PF,3,4,57
Guinea,SSA,c,2013,PF,5,5,39
Guinea-Bissau,SSA,c,2013,NF,6,5,30
Guyana,Americas,c,2013,F,2,3,71
Haiti,Americas,c,2013,PF,4,5,43
Honduras,Americas,c,2013,PF,4,4,51
Hong Kong,Asia,t,2013,PF,5,2,67
Hungary,Europe,c,2013,F,1,2,88
Iceland,Europe,c,2013,F,1,1,100
India,Asia,c,2013,F,2,3,76
Indian Kashmir,Asia,t,2013,PF,4,4,49
Indonesia,Asia,c,2013,F,2,3,65
Iran,MENA,c,2013,NF,6,6,16
Iraq,MENA,c,2013,NF,6,6,24
Ireland,Europe,c,2013,F,1,1,97
Israel,MENA,c,2013,F,1,2,81
Italy,Europe,c,2013,F,2,1,88
Jamaica,Americas,c,2013,F,2,3,73
Japan,Asia,c,2013,F,1,2,88
Jordan,MENA,c,2013,NF,6,5,34
Kazakhstan,Eurasia,c,2013,NF,6,5,26
Kenya,SSA,c,2013,PF,4,4,55
Kiribati,Asia,c,2013,F,1,1,91
Kosovo,Europe,c,2013,PF,5,4,42
Kuwait,MENA,c,2013,PF,5,5,41
Kyrgyzstan,Eurasia,c,2013,PF,5,5,39
Laos,Asia,c,2013,NF,7,6,11
Latvia,Europe,c,2013,F,2,2,84
Lebanon,MENA,c,2013,PF,5,4,49
Lesotho,SSA,c,2013,F,2,3,72
Liberia,SSA,c,2013,PF,3,4,60
Libya,MENA,c,2013,PF,4,5,43
Liechtenstein,Europe,c,2013,F,1,1,98
Lithuania,Europe,c,2013,F,1,1,90
Luxembourg,Europe,c,2013,F,1,1,100
Macedonia,Europe,c,2013,PF,3,3,64
Madagascar,SSA,c,2013,PF,6,4,35
Malawi,SSA,c,2013,PF,3,4,60
Malaysia,Asia,c,2013,PF,4,4,48
Maldives,Asia,c,2013,PF,5,4,46
Mali,SSA,c,2013,NF,7,5,24
Malta,Europe,c,2013,F,1,1,97
Marshall Islands,Asia,c,2013,F,1,1,91
Mauritania,SSA,c,2013,NF,6,5,34
Mauritius,SSA,c,2013,F,1,2,90
Mexico,Americas,c,2013,PF,3,3,65
Micronesia,Asia,c,2013,F,1,1,93
Moldova,Eurasia,c,2013,PF,3,3,65
Monaco,Europe,c,2013,F,2,1,87
Mongolia,Asia,c,2013,F,1,2,86
Montenegro,Europe,c,2013,F,3,2,72
Morocco,MENA,c,2013,PF,5,4,43
Mozambique,SSA,c,2013,PF,4,3,59
Myanmar,Asia,c,2013,NF,6,5,26
Nagorno-Karabakh,Eurasia,t,2013,PF,5,5,31
Namibia,SSA,c,2013,F,2,2,76
Nauru,Asia,c,2013,F,1,1,93
Nepal,Asia,c,2013,PF,4,4,47
Netherlands,Europe,c,2013,F,1,1,99
New Zealand,Asia,c,2013,F,1,1,97
Nicaragua,Americas,c,2013,PF,5,4,51
Niger,SSA,c,2013,PF,3,4,56
Nigeria,SSA,c,2013,PF,4,4,46
North Korea,Asia,c,2013,NF,7,7,3
Northern Cyprus,Europe,t,2013,F,2,2,78
Norway,Europe,c,2013,F,1,1,100
Oman,MENA,c,2013,NF,6,5,26
Pakistan,Asia,c,2013,PF,4,5,42
Pakistani Kashmir,Asia,t,2013,NF,6,5,29
Palau,Asia,c,2013,F,1,1,92
Panama,Americas,c,2013,F,1,2,82
Papua New Guinea,Asia,c,2013,PF,4,3,59
Paraguay,Americas,c,2013,PF,3,3,62
Peru,Americas,c,2013,F,2,3,71
Philippines,Asia,c,2013,PF,3,3,63
Poland,Europe,c,2013,F,1,1,93
Portugal,Europe,c,2013,F,1,1,97
Puerto Rico,Americas,t,2013,F,1,2,89
Qatar,MENA,c,2013,NF,6,5,28
Romania,Europe,c,2013,F,2,2,81
Russia,Eurasia,c,2013,NF,6,5,27
Rwanda,SSA,c,2013,NF,6,6,24
Samoa,Asia,c,2013,F,2,2,81
San Marino,Europe,c,2013,F,1,1,100
Sao Tome and Principe,SSA,c,2013,F,2,2,81
Saudi Arabia,MENA,c,2013,NF,7,7,10
Senegal,SSA,c,2013,F,2,3,75
Serbia,Europe,c,2013,F,2,2,78
Seychelles,SSA,c,2013,PF,3,3,67
Sierra Leone,SSA,c,2013,F,2,3,70
Singapore,Asia,c,2013,PF,4,4,52
Slovakia,Europe,c,2013,F,1,1,92
Slovenia,Europe,c,2013,F,1,1,91
Solomon Islands,Asia,c,2013,PF,4,3,65
Somalia,SSA,c,2013,NF,7,7,2
Somaliland,SSA,t,2013,PF,4,5,46
South Africa,SSA,c,2013,F,2,2,81
South Korea,Asia,c,2013,F,1,2,86
South Ossetia,Eurasia,t,2013,NF,7,6,5
South Sudan,SSA,c,2013,NF,6,5,31
Spain,Europe,c,2013,F,1,1,96
Sri Lanka,Asia,c,2013,PF,5,4,43
St. Kitts and Nevis,Americas,c,2013,F,1,1,91
St. Lucia,Americas,c,2013,F,1,1,93
St. Vincent and the Grenadines,Americas,c,2013,F,1,1,89
Sudan,SSA,c,2013,NF,7,7,7
Suriname,Americas,c,2013,F,2,2,77
Swaziland,SSA,c,2013,NF,7,5,21
Sweden,Europe,c,2013,F,1,1,100
Switzerland,Europe,c,2013,F,1,1,96
Syria,MENA,c,2013,NF,7,7,5
Taiwan,Asia,c,2013,F,1,2,88
Tajikistan,Eurasia,c,2013,NF,6,6,24
Tanzania,SSA,c,2013,PF,3,3,66
Thailand,Asia,c,2013,PF,4,4,53
The Gambia,SSA,c,2013,NF,6,6,23
Tibet,Asia,t,2013,NF,7,7,1
Timor-Leste,Asia,c,2013,PF,3,4,63
Togo,SSA,c,2013,PF,5,4,43
Tonga,Asia,c,2013,F,3,2,73
Transnistria,Eurasia,t,2013,NF,6,6,25
Trinidad and Tobago,Americas,c,2013,F,2,2,81
Tunisia,MENA,c,2013,PF,3,4,59
Turkey,Europe,c,2013,PF,3,4,61
Turkmenistan,Eurasia,c,2013,NF,7,7,7
Tuvalu,Asia,c,2013,F,1,1,94
Uganda,SSA,c,2013,PF,5,4,40
Ukraine,Eurasia,c,2013,PF,4,3,57
United Arab Emirates,MENA,c,2013,NF,6,6,22
United Kingdom,Europe,c,2013,F,1,1,97
United States,Americas,c,2013,F,1,1,93
Uruguay,Americas,c,2013,F,1,1,97
Uzbekistan,Eurasia,c,2013,NF,7,7,4
Vanuatu,Asia,c,2013,F,2,2,79
Venezuela,Americas,c,2013,PF,5,5,39
Vietnam,Asia,c,2013,NF,7,5,19
West Bank,MENA,t,2013,NF,6,5,30
Western Sahara,MENA,t,2013,NF,7,7,5
Yemen,MENA,c,2013,NF,6,6,25
Zambia,SSA,c,2013,PF,3,4,62
Zimbabwe,SSA,c,2013,NF,6,6,25
Abkhazia,Eurasia,t,2012,PF,5,5,39
Afghanistan,Asia,c,2012,NF,6,6,23
Albania,Europe,c,2012,PF,3,3,63
Algeria,MENA,c,2012,NF,6,5,35
Andorra,Europe,c,2012,F,1,1,96
Angola,SSA,c,2012,NF,6,5,29
Antigua and Barbuda,Americas,c,2012,F,3,2,77
Argentina,Americas,c,2012,F,2,2,81
Armenia,Eurasia,c,2012,PF,6,4,40
Australia,Asia,c,2012,F,1,1,96
Austria,Europe,c,2012,F,1,1,97
Azerbaijan,Eurasia,c,2012,NF,6,5,23
Bahamas,Americas,c,2012,F,1,1,96
Bahrain,MENA,c,2012,NF,6,6,20
Bangladesh,Asia,c,2012,PF,3,4,58
Barbados,Americas,c,2012,F,1,1,99
Belarus,Eurasia,c,2012,NF,7,6,14
Belgium,Europe,c,2012,F,1,1,98
Belize,Americas,c,2012,F,1,2,88
Benin,SSA,c,2012,F,2,2,81
Bhutan,Asia,c,2012,PF,4,5,43
Bolivia,Americas,c,2012,PF,3,3,66
Bosnia and Herzegovina,Europe,c,2012,PF,4,3,60
Botswana,SSA,c,2012,F,3,2,75
Brazil,Americas,c,2012,F,2,2,80
Brunei,Asia,c,2012,NF,6,5,30
Bulgaria,Europe,c,2012,F,2,2,81
Burkina Faso,SSA,c,2012,PF,5,3,51
Burundi,SSA,c,2012,PF,5,5,35
Cambodia,Asia,c,2012,NF,6,5,30
Cameroon,SSA,c,2012,NF,6,6,23
Canada,Americas,c,2012,F,1,1,99
Cape Verde,SSA,c,2012,F,1,1,90
Central African Republic,SSA,c,2012,PF,5,5,39
Chad,SSA,c,2012,NF,7,6,21
Chile,Americas,c,2012,F,1,1,97
China,Asia,c,2012,NF,7,6,16
Colombia,Americas,c,2012,PF,3,4,61
Comoros,SSA,c,2012,PF,3,4,55
Congo (Brazzaville),SSA,c,2012,NF,6,5,29
Congo (Kinshasa),SSA,c,2012,NF,6,6,20
Costa Rica,Americas,c,2012,F,1,1,91
Cote d'Ivoire,SSA,c,2012,NF,6,6,24
Croatia,Europe,c,2012,F,1,2,86
Cuba,Americas,c,2012,NF,7,6,11
Cyprus,Europe,c,2012,F,1,1,93
Czech Republic,Europe,c,2012,F,1,1,95
Denmark,Europe,c,2012,F,1,1,98
Djibouti,SSA,c,2012,NF,6,5,29
Dominica,Americas,c,2012,F,1,1,96
Dominican Republic,Americas,c,2012,F,2,2,75
Ecuador,Americas,c,2012,PF,3,3,63
Egypt,MENA,c,2012,NF,6,5,35
El Salvador,Americas,c,2012,F,2,3,76
Equatorial Guinea,SSA,c,2012,NF,7,7,8
Eritrea,SSA,c,2012,NF,7,7,6
Estonia,Europe,c,2012,F,1,1,95
Ethiopia,SSA,c,2012,NF,6,6,19
Fiji,Asia,c,2012,PF,6,4,35
Finland,Europe,c,2012,F,1,1,100
France,Europe,c,2012,F,1,1,95
Gabon,SSA,c,2012,NF,6,5,34
Gaza Strip,MENA,t,2012,NF,6,6,19
Georgia,Eurasia,c,2012,PF,4,3,58
Germany,Europe,c,2012,F,1,1,96
Ghana,SSA,c,2012,F,1,2,84
Greece,Europe,c,2012,F,2,2,85
Grenada,Americas,c,2012,F,1,2,89
Guatemala,Americas,c,2012,PF,3,4,58
Guinea,SSA,c,2012,PF,5,5,34
Guinea-Bissau,SSA,c,2012,PF,4,4,45
Guyana,Americas,c,2012,F,2,3,72
Haiti,Americas,c,2012,PF,4,5,45
Honduras,Americas,c,2012,PF,4,4,52
Hong Kong,Asia,t,2012,PF,5,2,67
Hungary,Europe,c,2012,F,1,2,88
Iceland,Europe,c,2012,F,1,1,99
India,Asia,c,2012,F,2,3,77
Indian Kashmir,Asia,t,2012,PF,4,4,48
Indonesia,Asia,c,2012,F,2,3,65
Iran,MENA,c,2012,NF,6,6,16
Iraq,MENA,c,2012,NF,5,6,25
Ireland,Europe,c,2012,F,1,1,97
Israel,MENA,c,2012,F,1,2,81
Italy,Europe,c,2012,F,1,1,89
Jamaica,Americas,c,2012,F,2,3,73
Japan,Asia,c,2012,F,1,2,88
Jordan,MENA,c,2012,NF,6,5,35
Kazakhstan,Eurasia,c,2012,NF,6,5,27
Kenya,SSA,c,2012,PF,4,3,57
Kiribati,Asia,c,2012,F,1,1,91
Kosovo,Europe,c,2012,PF,5,4,41
Kuwait,MENA,c,2012,PF,4,5,44
Kyrgyzstan,Eurasia,c,2012,PF,5,5,41
Laos,Asia,c,2012,NF,7,6,12
Latvia,Europe,c,2012,F,2,2,84
Lebanon,MENA,c,2012,PF,5,4,51
Lesotho,SSA,c,2012,PF,3,3,69
Liberia,SSA,c,2012,PF,3,4,60
Libya,MENA,c,2012,NF,7,6,17
Liechtenstein,Europe,c,2012,F,1,1,98
Lithuania,Europe,c,2012,F,1,1,90
Luxembourg,Europe,c,2012,F,1,1,100
Macedonia,Europe,c,2012,PF,3,3,65
Madagascar,SSA,c,2012,PF,6,4,39
Malawi,SSA,c,2012,PF,3,4,57
Malaysia,Asia,c,2012,PF,4,4,49
Maldives,Asia,c,2012,PF,3,4,56
Mali,SSA,c,2012,F,2,3,72
Malta,Europe,c,2012,F,1,1,97
Marshall Islands,Asia,c,2012,F,1,1,91
Mauritania,SSA,c,2012,NF,6,5,33
Mauritius,SSA,c,2012,F,1,2,90
Mexico,Americas,c,2012,PF,3,3,66
Micronesia,Asia,c,2012,F,1,1,93
Moldova,Eurasia,c,2012,PF,3,3,65
Monaco,Europe,c,2012,F,2,1,87
Mongolia,Asia,c,2012,F,2,2,85
Montenegro,Europe,c,2012,F,3,2,72
Morocco,MENA,c,2012,PF,5,4,43
Mozambique,SSA,c,2012,PF,4,3,59
Myanmar,Asia,c,2012,NF,7,6,14
Nagorno-Karabakh,Eurasia,t,2012,NF,6,5,29
Namibia,SSA,c,2012,F,2,2,76
Nauru,Asia,c,2012,F,1,1,93
Nepal,Asia,c,2012,PF,4,4,48
Netherlands,Europe,c,2012,F,1,1,99
New Zealand,Asia,c,2012,F,1,1,97
Nicaragua,Americas,c,2012,PF,5,4,51
Niger,SSA,c,2012,PF,3,4,56
Nigeria,SSA,c,2012,PF,4,4,49
North Korea,Asia,c,2012,NF,7,7,2
Northern Cyprus,Europe,t,2012,F,2,2,81
Norway,Europe,c,2012,F,1,1,100
Oman,MENA,c,2012,NF,6,5,27
Pakistan,Asia,c,2012,PF,4,5,43
Pakistani Kashmir,Asia,t,2012,NF,6,5,29
Palau,Asia,c,2012,F,1,1,92
Panama,Americas,c,2012,F,1,2,83
Papua New Guinea,Asia,c,2012,PF,4,3,59
Paraguay,Americas,c,2012,PF,3,3,64
Peru,Americas,c,2012,F,2,3,71
Philippines,Asia,c,2012,PF,3,3,62
Poland,Europe,c,2012,F,1,1,93
Portugal,Europe,c,2012,F,1,1,97
Puerto Rico,Americas,t,2012,F,1,2,89
Qatar,MENA,c,2012,NF,6,5,28
Romania,Europe,c,2012,F,2,2,83
Russia,Eurasia,c,2012,NF,6,5,28
Rwanda,SSA,c,2012,NF,6,5,25
Samoa,Asia,c,2012,F,2,2,81
San Marino,Europe,c,2012,F,1,1,100
Sao Tome and Principe,SSA,c,2012,F,2,2,80
Saudi Arabia,MENA,c,2012,NF,7,7,10
Senegal,SSA,c,2012,PF,3,3,71
Serbia,Europe,c,2012,F,2,2,78
Seychelles,SSA,c,2012,PF,3,3,67
Sierra Leone,SSA,c,2012,PF,3,3,67
Singapore,Asia,c,2012,PF,4,4,52
Slovakia,Europe,c,2012,F,1,1,92
Slovenia,Europe,c,2012,F,1,1,91
Solomon Islands,Asia,c,2012,PF,4,3,64
Somalia,SSA,c,2012,NF,7,7,1
Somaliland,SSA,t,2012,PF,4,5,46
South Africa,SSA,c,2012,F,2,2,82
South Korea,Asia,c,2012,F,1,2,86
South Ossetia,Eurasia,t,2012,NF,7,6,5
South Sudan,SSA,c,2012,NF,6,5,33
Spain,Europe,c,2012,F,1,1,97
Sri Lanka,Asia,c,2012,PF,5,4,45
St. Kitts and Nevis,Americas,c,2012,F,1,1,92
St. Lucia,Americas,c,2012,F,1,1,92
St. Vincent and the Grenadines,Americas,c,2012,F,1,1,89
Sudan,SSA,c,2012,NF,7,7,6
Suriname,Americas,c,2012,F,2,2,78
Swaziland,SSA,c,2012,NF,7,5,21
Sweden,Europe,c,2012,F,1,1,100
Switzerland,Europe,c,2012,F,1,1,96
Syria,MENA,c,2012,NF,7,7,6
Taiwan,Asia,c,2012,F,1,2,88
Tajikistan,Eurasia,c,2012,NF,6,5,26
Tanzania,SSA,c,2012,PF,3,3,64
Thailand,Asia,c,2012,PF,4,4,52
The Gambia,SSA,c,2012,NF,6,5,24
Tibet,Asia,t,2012,NF,7,7,1
Timor-Leste,Asia,c,2012,PF,3,4,62
Togo,SSA,c,2012,PF,5,4,44
Tonga,Asia,c,2012,PF,3,3,71
Transnistria,Eurasia,t,2012,NF,6,6,24
Trinidad and Tobago,Americas,c,2012,F,2,2,81
Tunisia,MENA,c,2012,PF,3,4,58
Turkey,Europe,c,2012,PF,3,3,63
Turkmenistan,Eurasia,c,2012,NF,7,7,7
Tuvalu,Asia,c,2012,F,1,1,94
Uganda,SSA,c,2012,PF,5,4,42
Ukraine,Eurasia,c,2012,PF,4,3,60
United Arab Emirates,MENA,c,2012,NF,6,6,24
United Kingdom,Europe,c,2012,F,1,1,96
United States,Americas,c,2012,F,1,1,93
Uruguay,Americas,c,2012,F,1,1,97
Uzbekistan,Eurasia,c,2012,NF,7,7,4
Vanuatu,Asia,c,2012,F,2,2,80
Venezuela,Americas,c,2012,PF,5,5,41
Vietnam,Asia,c,2012,NF,7,5,19
West Bank,MENA,t,2012,NF,6,5,31
Western Sahara,MENA,t,2012,NF,7,7,5
Yemen,MENA,c,2012,NF,6,6,23
Zambia,SSA,c,2012,PF,3,4,63
Zimbabwe,SSA,c,2012,NF,6,6,20
Abkhazia,Eurasia,t,2011,PF,5,5,37
Afghanistan,Asia,c,2011,NF,6,6,25
Albania,Europe,c,2011,PF,3,3,66
Algeria,MENA,c,2011,NF,6,5,36
Andorra,Europe,c,2011,F,1,1,96
Angola,SSA,c,2011,NF,6,5,31
Antigua and Barbuda,Americas,c,2011,F,3,2,77
Argentina,Americas,c,2011,F,2,2,80
Armenia,Eurasia,c,2011,PF,6,4,39
Australia,Asia,c,2011,F,1,1,96
Austria,Europe,c,2011,F,1,1,97
Azerbaijan,Eurasia,c,2011,NF,6,5,28
Bahamas,Americas,c,2011,F,1,1,96
Bahrain,MENA,c,2011,NF,6,5,30
Bangladesh,Asia,c,2011,PF,3,4,60
Barbados,Americas,c,2011,F,1,1,99
Belarus,Eurasia,c,2011,NF,7,6,15
Belgium,Europe,c,2011,F,1,1,97
Belize,Americas,c,2011,F,1,2,88
Benin,SSA,c,2011,F,2,2,83
Bhutan,Asia,c,2011,PF,4,5,43
Bolivia,Americas,c,2011,PF,3,3,66
Bosnia and Herzegovina,Europe,c,2011,PF,4,3,60
Botswana,SSA,c,2011,F,3,2,75
Brazil,Americas,c,2011,F,2,2,78
Brunei,Asia,c,2011,NF,6,5,30
Bulgaria,Europe,c,2011,F,2,2,82
Burkina Faso,SSA,c,2011,PF,5,3,53
Burundi,SSA,c,2011,PF,5,5,35
Cambodia,Asia,c,2011,NF,6,5,29
Cameroon,SSA,c,2011,NF,6,6,23
Canada,Americas,c,2011,F,1,1,99
Cape Verde,SSA,c,2011,F,1,1,90
Central African Republic,SSA,c,2011,PF,5,5,37
Chad,SSA,c,2011,NF,7,6,21
Chile,Americas,c,2011,F,1,1,97
China,Asia,c,2011,NF,7,6,17
Colombia,Americas,c,2011,PF,3,4,61
Comoros,SSA,c,2011,PF,3,4,55
Congo (Brazzaville),SSA,c,2011,NF,6,5,29
Congo (Kinshasa),SSA,c,2011,NF,6,6,21
Costa Rica,Americas,c,2011,F,1,1,91
Cote d'Ivoire,SSA,c,2011,NF,7,6,20
Croatia,Europe,c,2011,F,1,2,86
Cuba,Americas,c,2011,NF,7,6,10
Cyprus,Europe,c,2011,F,1,1,94
Czech Republic,Europe,c,2011,F,1,1,95
Denmark,Europe,c,2011,F,1,1,97
Djibouti,SSA,c,2011,NF,6,5,33
Dominica,Americas,c,2011,F,1,1,96
Dominican Republic,Americas,c,2011,F,2,2,76
Ecuador,Americas,c,2011,PF,3,3,67
Egypt,MENA,c,2011,NF,6,5,25
El Salvador,Americas,c,2011,F,2,3,75
Equatorial Guinea,SSA,c,2011,NF,7,7,8
Eritrea,SSA,c,2011,NF,7,7,7
Estonia,Europe,c,2011,F,1,1,95
Ethiopia,SSA,c,2011,NF,6,6,21
Fiji,Asia,c,2011,PF,6,4,37
Finland,Europe,c,2011,F,1,1,100
France,Europe,c,2011,F,1,1,95
Gabon,SSA,c,2011,NF,6,5,34
Gaza Strip,MENA,t,2011,NF,6,6,18
Georgia,Eurasia,c,2011,PF,4,3,56
Germany,Europe,c,2011,F,1,1,96
Ghana,SSA,c,2011,F,1,2,84
Greece,Europe,c,2011,F,1,2,86
Grenada,Americas,c,2011,F,1,2,89
Guatemala,Americas,c,2011,PF,4,4,57
Guinea,SSA,c,2011,PF,5,5,36
Guinea-Bissau,SSA,c,2011,PF,4,4,45
Guyana,Americas,c,2011,F,2,3,72
Haiti,Americas,c,2011,PF,4,5,45
Honduras,Americas,c,2011,PF,4,4,52
Hong Kong,Asia,t,2011,PF,5,2,67
Hungary,Europe,c,2011,F,1,1,90
Iceland,Europe,c,2011,F,1,1,99
India,Asia,c,2011,F,2,3,76
Indian Kashmir,Asia,t,2011,PF,4,5,45
Indonesia,Asia,c,2011,F,2,3,65
Iran,MENA,c,2011,NF,6,6,17
Iraq,MENA,c,2011,NF,5,6,25
Ireland,Europe,c,2011,F,1,1,97
Israel,MENA,c,2011,F,1,2,83
Italy,Europe,c,2011,F,1,2,89
Jamaica,Americas,c,2011,F,2,3,73
Japan,Asia,c,2011,F,1,2,88
Jordan,MENA,c,2011,NF,6,5,34
Kazakhstan,Eurasia,c,2011,NF,6,5,28
Kenya,SSA,c,2011,PF,4,3,56
Kiribati,Asia,c,2011,F,1,1,91
Kosovo,Europe,c,2011,PF,5,4,41
Kuwait,MENA,c,2011,PF,4,5,44
Kyrgyzstan,Eurasia,c,2011,PF,5,5,37
Laos,Asia,c,2011,NF,7,6,12
Latvia,Europe,c,2011,F,2,2,85
Lebanon,MENA,c,2011,PF,5,3,52
Lesotho,SSA,c,2011,PF,3,3,70
Liberia,SSA,c,2011,PF,3,4,58
Libya,MENA,c,2011,NF,7,7,8
Liechtenstein,Europe,c,2011,F,1,1,100
Lithuania,Europe,c,2011,F,1,1,90
Luxembourg,Europe,c,2011,F,1,1,100
Macedonia,Europe,c,2011,PF,3,3,66
Madagascar,SSA,c,2011,PF,6,4,39
Malawi,SSA,c,2011,PF,3,4,60
Malaysia,Asia,c,2011,PF,4,4,49
Maldives,Asia,c,2011,PF,3,4,56
Mali,SSA,c,2011,F,2,3,72
Malta,Europe,c,2011,F,1,1,97
Marshall Islands,Asia,c,2011,F,1,1,91
Mauritania,SSA,c,2011,NF,6,5,34
Mauritius,SSA,c,2011,F,1,2,90
Mexico,Americas,c,2011,PF,3,3,66
Micronesia,Asia,c,2011,F,1,1,93
Moldova,Eurasia,c,2011,PF,3,3,63
Monaco,Europe,c,2011,F,2,1,87
Mongolia,Asia,c,2011,F,2,2,85
Montenegro,Europe,c,2011,F,3,2,72
Morocco,MENA,c,2011,PF,5,4,42
Mozambique,SSA,c,2011,PF,4,3,59
Myanmar,Asia,c,2011,NF,7,7,5
Nagorno-Karabakh,Eurasia,t,2011,NF,6,5,29
Namibia,SSA,c,2011,F,2,2,75
Nauru,Asia,c,2011,F,1,1,93
Nepal,Asia,c,2011,PF,4,4,48
Netherlands,Europe,c,2011,F,1,1,98
New Zealand,Asia,c,2011,F,1,1,97
Nicaragua,Americas,c,2011,PF,4,4,54
Niger,SSA,c,2011,PF,5,4,42
Nigeria,SSA,c,2011,PF,4,4,48
North Korea,Asia,c,2011,NF,7,7,1
Northern Cyprus,Europe,t,2011,F,2,2,81
Norway,Europe,c,2011,F,1,1,100
Oman,MENA,c,2011,NF,6,5,27
Pakistan,Asia,c,2011,PF,4,5,44
Pakistani Kashmir,Asia,t,2011,NF,6,5,29
Palau,Asia,c,2011,F,1,1,92
Panama,Americas,c,2011,F,1,2,83
Papua New Guinea,Asia,c,2011,PF,4,3,59
Paraguay,Americas,c,2011,PF,3,3,64
Peru,Americas,c,2011,F,2,3,72
Philippines,Asia,c,2011,PF,3,3,61
Poland,Europe,c,2011,F,1,1,93
Portugal,Europe,c,2011,F,1,1,97
Puerto Rico,Americas,t,2011,F,1,1,90
Qatar,MENA,c,2011,NF,6,5,28
Romania,Europe,c,2011,F,2,2,83
Russia,Eurasia,c,2011,NF,6,5,27
Rwanda,SSA,c,2011,NF,6,5,27
Samoa,Asia,c,2011,F,2,2,81
San Marino,Europe,c,2011,F,1,1,100
Sao Tome and Principe,SSA,c,2011,F,2,2,80
Saudi Arabia,MENA,c,2011,NF,7,6,12
Senegal,SSA,c,2011,PF,3,3,71
Serbia,Europe,c,2011,F,2,2,78
Seychelles,SSA,c,2011,PF,3,3,67
Sierra Leone,SSA,c,2011,PF,3,3,64
Singapore,Asia,c,2011,PF,5,4,48
Slovakia,Europe,c,2011,F,1,1,90
Slovenia,Europe,c,2011,F,1,1,91
Solomon Islands,Asia,c,2011,PF,4,3,64
Somalia,SSA,c,2011,NF,7,7,1
Somaliland,SSA,t,2011,PF,4,5,45
South Africa,SSA,c,2011,F,2,2,83
South Korea,Asia,c,2011,F,1,2,86
South Ossetia,Eurasia,t,2011,NF,7,6,7
Spain,Europe,c,2011,F,1,1,97
Sri Lanka,Asia,c,2011,PF,5,4,45
St. Kitts and Nevis,Americas,c,2011,F,1,1,92
St. Lucia,Americas,c,2011,F,1,1,92
St. Vincent and the Grenadines,Americas,c,2011,F,1,1,89
Sudan,SSA,c,2011,NF,7,7,11
Suriname,Americas,c,2011,F,2,2,78
Swaziland,SSA,c,2011,NF,7,5,23
Sweden,Europe,c,2011,F,1,1,100
Switzerland,Europe,c,2011,F,1,1,96
Syria,MENA,c,2011,NF,7,6,9
Taiwan,Asia,c,2011,F,1,2,87
Tajikistan,Eurasia,c,2011,NF,6,5,26
Tanzania,SSA,c,2011,PF,3,3,64
Thailand,Asia,c,2011,PF,5,4,42
The Gambia,SSA,c,2011,PF,5,5,38
Tibet,Asia,t,2011,NF,7,7,1
Timor-Leste,Asia,c,2011,PF,3,4,62
Togo,SSA,c,2011,PF,5,4,42
Tonga,Asia,c,2011,PF,3,3,71
Transnistria,Eurasia,t,2011,NF,6,6,22
Trinidad and Tobago,Americas,c,2011,F,2,2,82
Tunisia,MENA,c,2011,NF,7,5,23
Turkey,Europe,c,2011,PF,3,3,63
Turkmenistan,Eurasia,c,2011,NF,7,7,8
Tuvalu,Asia,c,2011,F,1,1,94
Uganda,SSA,c,2011,PF,5,4,45
Ukraine,Eurasia,c,2011,PF,3,3,67
United Arab Emirates,MENA,c,2011,NF,6,5,27
United Kingdom,Europe,c,2011,F,1,1,97
United States,Americas,c,2011,F,1,1,94
Uruguay,Americas,c,2011,F,1,1,97
Uzbekistan,Eurasia,c,2011,NF,7,7,4
Vanuatu,Asia,c,2011,F,2,2,80
Venezuela,Americas,c,2011,PF,5,5,42
Vietnam,Asia,c,2011,NF,7,5,20
West Bank,MENA,t,2011,NF,6,5,32
Western Sahara,MENA,t,2011,NF,7,6,8
Yemen,MENA,c,2011,NF,6,5,29
Zambia,SSA,c,2011,PF,3,4,58
Zimbabwe,SSA,c,2011,NF,6,6,21
Abkhazia,Eurasia,t,2010,PF,5,5,35
Afghanistan,Asia,c,2010,NF,6,6,27
Albania,Europe,c,2010,PF,3,3,65
Algeria,MENA,c,2010,NF,6,5,36
Andorra,Europe,c,2010,F,1,1,96
Angola,SSA,c,2010,NF,6,5,31
Antigua and Barbuda,Americas,c,2010,F,3,2,76
Argentina,Americas,c,2010,F,2,2,80
Armenia,Eurasia,c,2010,PF,6,4,39
Australia,Asia,c,2010,F,1,1,96
Austria,Europe,c,2010,F,1,1,97
Azerbaijan,Eurasia,c,2010,NF,6,5,29
Bahamas,Americas,c,2010,F,1,1,96
Bahrain,MENA,c,2010,NF,6,5,32
Bangladesh,Asia,c,2010,PF,3,4,59
Barbados,Americas,c,2010,F,1,1,99
Belarus,Eurasia,c,2010,NF,7,6,15
Belgium,Europe,c,2010,F,1,1,98
Belize,Americas,c,2010,F,1,2,88
Benin,SSA,c,2010,F,2,2,80
Bhutan,Asia,c,2010,PF,4,5,43
Bolivia,Americas,c,2010,PF,3,3,68
Bosnia and Herzegovina,Europe,c,2010,PF,4,3,61
Botswana,SSA,c,2010,F,3,2,75
Brazil,Americas,c,2010,F,2,2,77
Brunei,Asia,c,2010,NF,6,5,30
Bulgaria,Europe,c,2010,F,2,2,82
Burkina Faso,SSA,c,2010,PF,5,3,52
Burundi,SSA,c,2010,PF,4,5,45
Cambodia,Asia,c,2010,NF,6,5,32
Cameroon,SSA,c,2010,NF,6,6,24
Canada,Americas,c,2010,F,1,1,99
Cape Verde,SSA,c,2010,F,1,1,90
Central African Republic,SSA,c,2010,PF,5,5,39
Chad,SSA,c,2010,NF,7,6,20
Chile,Americas,c,2010,F,1,1,97
China,Asia,c,2010,NF,7,6,17
Colombia,Americas,c,2010,PF,3,4,59
Comoros,SSA,c,2010,PF,3,4,55
Congo (Brazzaville),SSA,c,2010,NF,6,5,29
Congo (Kinshasa),SSA,c,2010,NF,6,6,21
Costa Rica,Americas,c,2010,F,1,1,91
Cote d'Ivoire,SSA,c,2010,NF,6,5,26
Croatia,Europe,c,2010,F,1,2,86
Cuba,Americas,c,2010,NF,7,6,9
Cyprus,Europe,c,2010,F,1,1,94
Czech Republic,Europe,c,2010,F,1,1,95
Denmark,Europe,c,2010,F,1,1,96
Djibouti,SSA,c,2010,PF,5,5,35
Dominica,Americas,c,2010,F,1,1,96
Dominican Republic,Americas,c,2010,F,2,2,78
Ecuador,Americas,c,2010,PF,3,3,68
Egypt,MENA,c,2010,NF,6,5,27
El Salvador,Americas,c,2010,F,2,3,74
Equatorial Guinea,SSA,c,2010,NF,7,7,8
Eritrea,SSA,c,2010,NF,7,7,8
Estonia,Europe,c,2010,F,1,1,95
Ethiopia,SSA,c,2010,PF,5,5,31
Fiji,Asia,c,2010,PF,6,4,38
Finland,Europe,c,2010,F,1,1,100
France,Europe,c,2010,F,1,1,96
Gabon,SSA,c,2010,NF,6,5,34
Georgia,Eurasia,c,2010,PF,4,4,54
Germany,Europe,c,2010,F,1,1,96
Ghana,SSA,c,2010,F,1,2,84
Greece,Europe,c,2010,F,1,2,86
Grenada,Americas,c,2010,F,1,2,90
Guatemala,Americas,c,2010,PF,4,4,56
Guinea,SSA,c,2010,NF,7,6,15
Guinea-Bissau,SSA,c,2010,PF,4,4,48
Guyana,Americas,c,2010,F,2,3,72
Haiti,Americas,c,2010,PF,4,5,47
Honduras,Americas,c,2010,PF,4,4,51
Hong Kong,Asia,t,2010,PF,5,2,68
Hungary,Europe,c,2010,F,1,1,91
Iceland,Europe,c,2010,F,1,1,99
India,Asia,c,2010,F,2,3,76
Indian Kashmir,Asia,t,2010,PF,4,4,46
Indonesia,Asia,c,2010,F,2,3,65
Iran,MENA,c,2010,NF,6,6,20
Iraq,MENA,c,2010,NF,5,6,26
Ireland,Europe,c,2010,F,1,1,97
Israel,MENA,c,2010,F,1,2,82
Israeli Occupied Territories,MENA,t,2010,NF,6,6,21
Italy,Europe,c,2010,F,1,2,89
Jamaica,Americas,c,2010,F,2,3,75
Japan,Asia,c,2010,F,1,2,88
Jordan,MENA,c,2010,NF,6,5,34
Kazakhstan,Eurasia,c,2010,NF,6,5,28
Kenya,SSA,c,2010,PF,4,4,52
Kiribati,Asia,c,2010,F,1,1,91
Kosovo,Europe,c,2010,PF,5,4,40
Kuwait,MENA,c,2010,PF,4,4,46
Kyrgyzstan,Eurasia,c,2010,NF,6,5,36
Laos,Asia,c,2010,NF,7,6,13
Latvia,Europe,c,2010,F,2,1,86
Lebanon,MENA,c,2010,PF,5,3,52
Lesotho,SSA,c,2010,PF,3,3,70
Liberia,SSA,c,2010,PF,3,4,58
Libya,MENA,c,2010,NF,7,7,8
Liechtenstein,Europe,c,2010,F,1,1,100
Lithuania,Europe,c,2010,F,1,1,90
Luxembourg,Europe,c,2010,F,1,1,100
Macedonia,Europe,c,2010,PF,3,3,63
Madagascar,SSA,c,2010,PF,6,4,41
Malawi,SSA,c,2010,PF,3,4,60
Malaysia,Asia,c,2010,PF,4,4,49
Maldives,Asia,c,2010,PF,3,4,57
Mali,SSA,c,2010,F,2,3,71
Malta,Europe,c,2010,F,1,1,97
Marshall Islands,Asia,c,2010,F,1,1,91
Mauritania,SSA,c,2010,NF,6,5,34
Mauritius,SSA,c,2010,F,1,2,90
Mexico,Americas,c,2010,F,2,3,69
Micronesia,Asia,c,2010,F,1,1,93
Moldova,Eurasia,c,2010,PF,3,4,58
Monaco,Europe,c,2010,F,2,1,87
Mongolia,Asia,c,2010,F,2,2,85
Montenegro,Europe,c,2010,F,3,2,69
Morocco,MENA,c,2010,PF,5,4,42
Mozambique,SSA,c,2010,PF,4,3,59
Myanmar,Asia,c,2010,NF,7,7,2
Nagorno-Karabakh,Eurasia,t,2010,PF,5,5,32
Namibia,SSA,c,2010,F,2,2,76
Nauru,Asia,c,2010,F,1,1,93
Nepal,Asia,c,2010,PF,4,4,50
Netherlands,Europe,c,2010,F,1,1,99
New Zealand,Asia,c,2010,F,1,1,97
Nicaragua,Americas,c,2010,PF,4,4,54
Niger,SSA,c,2010,PF,5,4,42
Nigeria,SSA,c,2010,PF,5,4,45
North Korea,Asia,c,2010,NF,7,7,1
Northern Cyprus,Europe,t,2010,F,2,2,81
Norway,Europe,c,2010,F,1,1,100
Oman,MENA,c,2010,NF,6,5,27
Pakistan,Asia,c,2010,PF,4,5,43
Pakistani Kashmir,Asia,t,2010,NF,6,5,29
Palau,Asia,c,2010,F,1,1,92
Palestinian Authority Administered Territories,MENA,t,2010,NF,6,6,25
Panama,Americas,c,2010,F,1,2,83
Papua New Guinea,Asia,c,2010,PF,4,3,59
Paraguay,Americas,c,2010,PF,3,3,64
Peru,Americas,c,2010,F,2,3,72
Philippines,Asia,c,2010,PF,4,3,57
Poland,Europe,c,2010,F,1,1,93
Portugal,Europe,c,2010,F,1,1,97
Puerto Rico,Americas,t,2010,F,1,1,92
Qatar,MENA,c,2010,NF,6,5,28
Romania,Europe,c,2010,F,2,2,83
Russia,Eurasia,c,2010,NF,6,5,27
Rwanda,SSA,c,2010,NF,6,5,34
Samoa,Asia,c,2010,F,2,2,81
San Marino,Europe,c,2010,F,1,1,100
Sao Tome and Principe,SSA,c,2010,F,2,2,80
Saudi Arabia,MENA,c,2010,NF,7,6,12
Senegal,SSA,c,2010,PF,3,3,72
Serbia,Europe,c,2010,F,2,2,78
Seychelles,SSA,c,2010,PF,3,3,67
Sierra Leone,SSA,c,2010,PF,3,3,64
Singapore,Asia,c,2010,PF,5,4,48
Slovakia,Europe,c,2010,F,1,1,90
Slovenia,Europe,c,2010,F,1,1,91
Solomon Islands,Asia,c,2010,PF,4,3,64
Somalia,SSA,c,2010,NF,7,7,1
Somaliland,SSA,t,2010,PF,5,5,40
South Africa,SSA,c,2010,F,2,2,84
South Korea,Asia,c,2010,F,1,2,86
South Ossetia,Eurasia,t,2010,NF,7,6,5
Spain,Europe,c,2010,F,1,1,97
Sri Lanka,Asia,c,2010,PF,4,4,52
St. Kitts and Nevis,Americas,c,2010,F,1,1,92
St. Lucia,Americas,c,2010,F,1,1,92
St. Vincent and the Grenadines,Americas,c,2010,F,2,1,88
Sudan,SSA,c,2010,NF,7,7,9
Suriname,Americas,c,2010,F,2,2,78
Swaziland,SSA,c,2010,NF,7,5,24
Sweden,Europe,c,2010,F,1,1,100
Switzerland,Europe,c,2010,F,1,1,96
Syria,MENA,c,2010,NF,7,6,9
Taiwan,Asia,c,2010,F,1,2,88
Tajikistan,Eurasia,c,2010,NF,6,5,27
Tanzania,SSA,c,2010,PF,4,3,57
Thailand,Asia,c,2010,PF,5,4,44
The Gambia,SSA,c,2010,PF,5,5,39
Tibet,Asia,t,2010,NF,7,7,1
Timor-Leste,Asia,c,2010,PF,3,4,62
Togo,SSA,c,2010,PF,5,4,43
Tonga,Asia,c,2010,PF,5,3,55
Transnistria,Eurasia,t,2010,NF,6,6,22
Trinidad and Tobago,Americas,c,2010,F,2,2,81
Tunisia,MENA,c,2010,NF,7,5,23
Turkey,Europe,c,2010,PF,3,3,63
Turkmenistan,Eurasia,c,2010,NF,7,7,8
Tuvalu,Asia,c,2010,F,1,1,94
Uganda,SSA,c,2010,PF,5,4,45
Ukraine,Eurasia,c,2010,F,3,2,73
United Arab Emirates,MENA,c,2010,NF,6,5,27
United Kingdom,Europe,c,2010,F,1,1,96
United States,Americas,c,2010,F,1,1,94
Uruguay,Americas,c,2010,F,1,1,97
Uzbekistan,Eurasia,c,2010,NF,7,7,4
Vanuatu,Asia,c,2010,F,2,2,80
Venezuela,Americas,c,2010,PF,5,4,43
Vietnam,Asia,c,2010,NF,7,5,21
Western Sahara,MENA,t,2010,NF,7,6,8
Yemen,MENA,c,2010,NF,6,5,29
Zambia,SSA,c,2010,PF,3,4,60
Zimbabwe,SSA,c,2010,NF,6,6,17
Abkhazia,Eurasia,t,2009,PF,5,5,35
Afghanistan,Asia,c,2009,NF,5,6,32
Albania,Europe,c,2009,PF,3,3,66
Algeria,MENA,c,2009,NF,6,5,36
Andorra,Europe,c,2009,F,1,1,96
Angola,SSA,c,2009,NF,6,5,32
Antigua and Barbuda,Americas,c,2009,F,2,2,77
Argentina,Americas,c,2009,F,2,2,80
Armenia,Eurasia,c,2009,PF,6,4,38
Australia,Asia,c,2009,F,1,1,96
Austria,Europe,c,2009,F,1,1,97
Azerbaijan,Eurasia,c,2009,NF,6,5,29
Bahamas,Americas,c,2009,F,1,1,96
Bahrain,MENA,c,2009,PF,5,5,34
Bangladesh,Asia,c,2009,PF,4,4,52
Barbados,Americas,c,2009,F,1,1,99
Belarus,Eurasia,c,2009,NF,7,6,15
Belgium,Europe,c,2009,F,1,1,97
Belize,Americas,c,2009,F,1,2,87
Benin,SSA,c,2009,F,2,2,80
Bhutan,Asia,c,2009,PF,4,5,43
Bolivia,Americas,c,2009,PF,3,3,68
Bosnia and Herzegovina,Europe,c,2009,PF,4,3,61
Botswana,SSA,c,2009,F,2,2,78
Brazil,Americas,c,2009,F,2,2,77
Brunei,Asia,c,2009,NF,6,5,30
Bulgaria,Europe,c,2009,F,2,2,82
Burkina Faso,SSA,c,2009,PF,5,3,52
Burundi,SSA,c,2009,PF,4,5,43
Cambodia,Asia,c,2009,NF,6,5,34
Cameroon,SSA,c,2009,NF,6,6,23
Canada,Americas,c,2009,F,1,1,97
Cape Verde,SSA,c,2009,F,1,1,90
Central African Republic,SSA,c,2009,PF,5,5,40
Chad,SSA,c,2009,NF,7,6,20
Chechnya,Eurasia,t,2009,NF,7,7,7
Chile,Americas,c,2009,F,1,1,97
China,Asia,c,2009,NF,7,6,16
Colombia,Americas,c,2009,PF,3,4,60
Comoros,SSA,c,2009,PF,3,4,55
Congo (Brazzaville),SSA,c,2009,NF,6,5,33
Congo (Kinshasa),SSA,c,2009,NF,6,6,22
Costa Rica,Americas,c,2009,F,1,1,91
Cote d'Ivoire,SSA,c,2009,NF,6,5,25
Croatia,Europe,c,2009,F,2,2,84
Cuba,Americas,c,2009,NF,7,6,9
Cyprus,Europe,c,2009,F,1,1,95
Czech Republic,Europe,c,2009,F,1,1,95
Denmark,Europe,c,2009,F,1,1,97
Djibouti,SSA,c,2009,PF,5,5,34
Dominica,Americas,c,2009,F,1,1,97
Dominican Republic,Americas,c,2009,F,2,2,81
Ecuador,Americas,c,2009,PF,3,3,69
Egypt,MENA,c,2009,NF,6,5,25
El Salvador,Americas,c,2009,F,2,3,73
Equatorial Guinea,SSA,c,2009,NF,7,7,8
Eritrea,SSA,c,2009,NF,7,6,13
Estonia,Europe,c,2009,F,1,1,95
Ethiopia,SSA,c,2009,PF,5,5,33
Fiji,Asia,c,2009,PF,6,4,38
Finland,Europe,c,2009,F,1,1,100
France,Europe,c,2009,F,1,1,96
Gabon,SSA,c,2009,PF,6,4,36
Georgia,Eurasia,c,2009,PF,4,4,51
Germany,Europe,c,2009,F,1,1,96
Ghana,SSA,c,2009,F,1,2,84
Greece,Europe,c,2009,F,1,2,88
Grenada,Americas,c,2009,F,1,2,90
Guatemala,Americas,c,2009,PF,3,4,57
Guinea,SSA,c,2009,NF,7,5,28
Guinea-Bissau,SSA,c,2009,PF,4,4,50
Guyana,Americas,c,2009,F,2,3,73
Haiti,Americas,c,2009,PF,4,5,47
Honduras,Americas,c,2009,PF,3,3,60
Hong Kong,Asia,t,2009,PF,5,2,68
Hungary,Europe,c,2009,F,1,1,92
Iceland,Europe,c,2009,F,1,1,100
India,Asia,c,2009,F,2,3,76
Indian Kashmir,Asia,t,2009,PF,5,4,43
Indonesia,Asia,c,2009,F,2,3,66
Iran,MENA,c,2009,NF,6,6,22
Iraq,MENA,c,2009,NF,6,6,24
Ireland,Europe,c,2009,F,1,1,97
Israel,MENA,c,2009,F,1,2,84
Israeli Occupied Territories,MENA,t,2009,NF,6,6,21
Italy,Europe,c,2009,F,1,2,90
Jamaica,Americas,c,2009,F,2,3,75
Japan,Asia,c,2009,F,1,2,88
Jordan,MENA,c,2009,PF,5,5,38
Kazakhstan,Eurasia,c,2009,NF,6,5,30
Kenya,SSA,c,2009,PF,4,3,54
Kiribati,Asia,c,2009,F,1,1,91
Kosovo,Europe,t,2009,NF,6,5,35
Kuwait,MENA,c,2009,PF,4,4,46
Kyrgyzstan,Eurasia,c,2009,PF,5,4,39
Laos,Asia,c,2009,NF,7,6,13
Latvia,Europe,c,2009,F,2,1,87
Lebanon,MENA,c,2009,PF,5,4,51
Lesotho,SSA,c,2009,F,2,3,71
Liberia,SSA,c,2009,PF,3,4,59
Libya,MENA,c,2009,NF,7,7,8
Liechtenstein,Europe,c,2009,F,1,1,100
Lithuania,Europe,c,2009,F,1,1,91
Luxembourg,Europe,c,2009,F,1,1,100
Macedonia,Europe,c,2009,PF,3,3,60
Madagascar,SSA,c,2009,PF,4,3,58
Malawi,SSA,c,2009,PF,4,4,57
Malaysia,Asia,c,2009,PF,4,4,49
Maldives,Asia,c,2009,PF,4,4,48
Mali,SSA,c,2009,F,2,3,70
Malta,Europe,c,2009,F,1,1,98
Marshall Islands,Asia,c,2009,F,1,1,91
Mauritania,SSA,c,2009,NF,6,5,32
Mauritius,SSA,c,2009,F,1,2,90
Mexico,Americas,c,2009,F,2,3,70
Micronesia,Asia,c,2009,F,1,1,93
Moldova,Eurasia,c,2009,PF,4,4,55
Monaco,Europe,c,2009,F,2,1,87
Mongolia,Asia,c,2009,F,2,2,82
Montenegro,Europe,c,2009,PF,3,3,66
Morocco,MENA,c,2009,PF,5,4,44
Mozambique,SSA,c,2009,PF,3,3,61
Myanmar,Asia,c,2009,NF,7,7,2
Nagorno-Karabakh,Eurasia,t,2009,PF,5,5,34
Namibia,SSA,c,2009,F,2,2,75
Nauru,Asia,c,2009,F,1,1,93
Nepal,Asia,c,2009,PF,4,4,50
Netherlands,Europe,c,2009,F,1,1,99
New Zealand,Asia,c,2009,F,1,1,96
Nicaragua,Americas,c,2009,PF,4,3,57
Niger,SSA,c,2009,PF,3,4,58
Nigeria,SSA,c,2009,PF,5,4,47
North Korea,Asia,c,2009,NF,7,7,2
Northern Cyprus,Europe,t,2009,F,2,2,81
Norway,Europe,c,2009,F,1,1,100
Oman,MENA,c,2009,NF,6,5,28
Pakistan,Asia,c,2009,PF,4,5,40
Pakistani Kashmir,Asia,t,2009,NF,6,5,27
Palau,Asia,c,2009,F,1,1,92
Palestinian Authority Administered Territories,MENA,t,2009,NF,5,6,25
Panama,Americas,c,2009,F,1,2,83
Papua New Guinea,Asia,c,2009,PF,4,3,59
Paraguay,Americas,c,2009,PF,3,3,64
Peru,Americas,c,2009,F,2,3,73
Philippines,Asia,c,2009,PF,4,3,60
Poland,Europe,c,2009,F,1,1,93
Portugal,Europe,c,2009,F,1,1,97
Puerto Rico,Americas,t,2009,F,1,1,92
Qatar,MENA,c,2009,NF,6,5,28
Romania,Europe,c,2009,F,2,2,83
Russia,Eurasia,c,2009,NF,6,5,31
Rwanda,SSA,c,2009,NF,6,5,34
Samoa,Asia,c,2009,F,2,2,81
San Marino,Europe,c,2009,F,1,1,100
Sao Tome and Principe,SSA,c,2009,F,2,2,80
Saudi Arabia,MENA,c,2009,NF,7,6,12
Senegal,SSA,c,2009,PF,3,3,72
Serbia,Europe,c,2009,F,3,2,76
Seychelles,SSA,c,2009,PF,3,3,67
Sierra Leone,SSA,c,2009,PF,3,3,64
Singapore,Asia,c,2009,PF,5,4,48
Slovakia,Europe,c,2009,F,1,1,91
Slovenia,Europe,c,2009,F,1,1,91
Solomon Islands,Asia,c,2009,PF,4,3,64
Somalia,SSA,c,2009,NF,7,7,2
Somaliland,SSA,t,2009,PF,5,4,44
South Africa,SSA,c,2009,F,2,2,85
South Korea,Asia,c,2009,F,1,2,86
South Ossetia,Eurasia,t,2009,NF,7,6,9
Spain,Europe,c,2009,F,1,1,97
Sri Lanka,Asia,c,2009,PF,4,4,52
St. Kitts and Nevis,Americas,c,2009,F,1,1,92
St. Lucia,Americas,c,2009,F,1,1,92
St. Vincent and the Grenadines,Americas,c,2009,F,2,1,88
Sudan,SSA,c,2009,NF,7,7,10
Suriname,Americas,c,2009,F,2,2,78
Swaziland,SSA,c,2009,NF,7,5,23
Sweden,Europe,c,2009,F,1,1,100
Switzerland,Europe,c,2009,F,1,1,97
Syria,MENA,c,2009,NF,7,6,9
Taiwan,Asia,c,2009,F,2,1,89
Tajikistan,Eurasia,c,2009,NF,6,5,27
Tanzania,SSA,c,2009,PF,4,3,58
Thailand,Asia,c,2009,PF,5,4,44
The Gambia,SSA,c,2009,PF,5,4,43
Tibet,Asia,t,2009,NF,7,7,1
Timor-Leste,Asia,c,2009,PF,3,4,62
Togo,SSA,c,2009,PF,5,5,39
Tonga,Asia,c,2009,PF,5,3,55
Transnistria,Eurasia,t,2009,NF,6,6,22
Trinidad and Tobago,Americas,c,2009,F,2,2,81
Tunisia,MENA,c,2009,NF,7,5,23
Turkey,Europe,c,2009,PF,3,3,65
Turkmenistan,Eurasia,c,2009,NF,7,7,6
Tuvalu,Asia,c,2009,F,1,1,94
Uganda,SSA,c,2009,PF,5,4,45
Ukraine,Eurasia,c,2009,F,3,2,73
United Arab Emirates,MENA,c,2009,NF,6,5,28
United Kingdom,Europe,c,2009,F,1,1,97
United States,Americas,c,2009,F,1,1,94
Uruguay,Americas,c,2009,F,1,1,97
Uzbekistan,Eurasia,c,2009,NF,7,7,3
Vanuatu,Asia,c,2009,F,2,2,80
Venezuela,Americas,c,2009,PF,4,4,46
Vietnam,Asia,c,2009,NF,7,5,22
Western Sahara,MENA,t,2009,NF,7,6,9
Yemen,MENA,c,2009,PF,5,5,35
Zambia,SSA,c,2009,PF,3,3,61
Zimbabwe,SSA,c,2009,NF,7,6,12
Abkhazia,Eurasia,t,2008,PF,5,5,36
Afghanistan,Asia,c,2008,PF,5,5,34
Albania,Europe,c,2008,PF,3,3,65
Algeria,MENA,c,2008,NF,6,5,36
Andorra,Europe,c,2008,F,1,1,96
Angola,SSA,c,2008,NF,6,5,29
Antigua and Barbuda,Americas,c,2008,F,2,2,77
Argentina,Americas,c,2008,F,2,2,80
Armenia,Eurasia,c,2008,PF,5,4,42
Australia,Asia,c,2008,F,1,1,96
Austria,Europe,c,2008,F,1,1,98
Azerbaijan,Eurasia,c,2008,NF,6,5,31
Bahamas,Americas,c,2008,F,1,1,96
Bahrain,MENA,c,2008,PF,5,5,37
Bangladesh,Asia,c,2008,PF,5,4,40
Barbados,Americas,c,2008,F,1,1,99
Belarus,Eurasia,c,2008,NF,7,6,13
Belgium,Europe,c,2008,F,1,1,97
Belize,Americas,c,2008,F,1,2,87
Benin,SSA,c,2008,F,2,2,82
Bhutan,Asia,c,2008,NF,6,5,34
Bolivia,Americas,c,2008,PF,3,3,70
Bosnia and Herzegovina,Europe,c,2008,PF,4,3,62
Botswana,SSA,c,2008,F,2,2,79
Brazil,Americas,c,2008,F,2,2,76
Brunei,Asia,c,2008,NF,6,5,30
Bulgaria,Europe,c,2008,F,1,2,85
Burkina Faso,SSA,c,2008,PF,5,3,53
Burundi,SSA,c,2008,PF,4,5,45
Cambodia,Asia,c,2008,NF,6,5,35
Cameroon,SSA,c,2008,NF,6,6,25
Canada,Americas,c,2008,F,1,1,99
Cape Verde,SSA,c,2008,F,1,1,90
Central African Republic,SSA,c,2008,PF,5,5,40
Chad,SSA,c,2008,NF,7,6,20
Chechnya,Eurasia,t,2008,NF,7,7,7
Chile,Americas,c,2008,F,1,1,97
China,Asia,c,2008,NF,7,6,18
Colombia,Americas,c,2008,PF,3,3,61
Comoros,SSA,c,2008,PF,4,4,53
Congo (Brazzaville),SSA,c,2008,NF,6,5,32
Congo (Kinshasa),SSA,c,2008,NF,5,6,25
Costa Rica,Americas,c,2008,F,1,1,91
Cote d'Ivoire,SSA,c,2008,NF,7,5,24
Croatia,Europe,c,2008,F,2,2,85
Cuba,Americas,c,2008,NF,7,7,7
Cyprus,Europe,c,2008,F,1,1,95
Czech Republic,Europe,c,2008,F,1,1,95
Denmark,Europe,c,2008,F,1,1,98
Djibouti,SSA,c,2008,PF,5,5,34
Dominica,Americas,c,2008,F,1,1,97
Dominican Republic,Americas,c,2008,F,2,2,80
Ecuador,Americas,c,2008,PF,3,3,69
Egypt,MENA,c,2008,NF,6,5,25
El Salvador,Americas,c,2008,F,2,3,73
Equatorial Guinea,SSA,c,2008,NF,7,6,10
Eritrea,SSA,c,2008,NF,7,6,13
Estonia,Europe,c,2008,F,1,1,94
Ethiopia,SSA,c,2008,PF,5,5,33
Fiji,Asia,c,2008,PF,6,4,39
Finland,Europe,c,2008,F,1,1,100
France,Europe,c,2008,F,1,1,93
Gabon,SSA,c,2008,PF,6,4,37
Georgia,Eurasia,c,2008,PF,4,4,54
Germany,Europe,c,2008,F,1,1,96
Ghana,SSA,c,2008,F,1,2,84
Greece,Europe,c,2008,F,1,2,89
Grenada,Americas,c,2008,F,1,2,88
Guatemala,Americas,c,2008,PF,3,4,57
Guinea,SSA,c,2008,NF,6,5,33
Guinea-Bissau,SSA,c,2008,PF,4,4,51
Guyana,Americas,c,2008,F,2,3,73
Haiti,Americas,c,2008,PF,4,5,47
Honduras,Americas,c,2008,PF,3,3,61
Hong Kong,Asia,t,2008,PF,5,2,67
Hungary,Europe,c,2008,F,1,1,92
Iceland,Europe,c,2008,F,1,1,100
India,Asia,c,2008,F,2,3,76
Indian Kashmir,Asia,t,2008,PF,5,4,41
Indonesia,Asia,c,2008,F,2,3,67
Iran,MENA,c,2008,NF,6,6,24
Iraq,MENA,c,2008,NF,6,6,23
Ireland,Europe,c,2008,F,1,1,97
Israel,MENA,c,2008,F,1,2,84
Israeli Occupied Territories,MENA,t,2008,NF,6,6,23
Italy,Europe,c,2008,F,1,1,92
Jamaica,Americas,c,2008,F,2,3,77
Japan,Asia,c,2008,F,1,2,88
Jordan,MENA,c,2008,PF,5,4,41
Kazakhstan,Eurasia,c,2008,NF,6,5,30
Kenya,SSA,c,2008,PF,4,3,58
Kiribati,Asia,c,2008,F,1,1,91
Kosovo,Europe,t,2008,NF,6,5,34
Kuwait,MENA,c,2008,PF,4,4,46
Kyrgyzstan,Eurasia,c,2008,PF,5,4,45
Laos,Asia,c,2008,NF,7,6,13
Latvia,Europe,c,2008,F,2,1,88
Lebanon,MENA,c,2008,PF,5,4,49
Lesotho,SSA,c,2008,F,2,3,71
Liberia,SSA,c,2008,PF,3,4,59
Libya,MENA,c,2008,NF,7,7,8
Liechtenstein,Europe,c,2008,F,1,1,100
Lithuania,Europe,c,2008,F,1,1,90
Luxembourg,Europe,c,2008,F,1,1,100
Macedonia,Europe,c,2008,PF,3,3,60
Madagascar,SSA,c,2008,PF,4,3,58
Malawi,SSA,c,2008,PF,4,4,57
Malaysia,Asia,c,2008,PF,4,4,46
Maldives,Asia,c,2008,NF,6,5,36
Mali,SSA,c,2008,F,2,3,72
Malta,Europe,c,2008,F,1,1,97
Marshall Islands,Asia,c,2008,F,1,1,92
Mauritania,SSA,c,2008,PF,4,4,52
Mauritius,SSA,c,2008,F,1,2,90
Mexico,Americas,c,2008,F,2,3,73
Micronesia,Asia,c,2008,F,1,1,93
Moldova,Eurasia,c,2008,PF,3,4,57
Monaco,Europe,c,2008,F,2,1,87
Mongolia,Asia,c,2008,F,2,2,82
Montenegro,Europe,c,2008,PF,3,3,65
Morocco,MENA,c,2008,PF,5,4,44
Mozambique,SSA,c,2008,PF,3,3,60
Myanmar,Asia,c,2008,NF,7,7,3
Nagorno-Karabakh,Eurasia,t,2008,PF,5,5,34
Namibia,SSA,c,2008,F,2,2,77
Nauru,Asia,c,2008,F,1,1,93
Nepal,Asia,c,2008,PF,5,4,46
Netherlands,Europe,c,2008,F,1,1,99
New Zealand,Asia,c,2008,F,1,1,96
Nicaragua,Americas,c,2008,PF,3,3,64
Niger,SSA,c,2008,PF,3,4,60
Nigeria,SSA,c,2008,PF,4,4,49
North Korea,Asia,c,2008,NF,7,7,2
Northern Cyprus,Europe,t,2008,F,2,2,80
Norway,Europe,c,2008,F,1,1,100
Oman,MENA,c,2008,NF,6,5,28
Pakistan,Asia,c,2008,NF,6,5,26
Pakistani Kashmir,Asia,t,2008,NF,7,5,23
Palau,Asia,c,2008,F,1,1,92
Palestinian Authority Administered Territories,MENA,t,2008,NF,5,6,27
Panama,Americas,c,2008,F,1,2,83
Papua New Guinea,Asia,c,2008,PF,3,3,60
Paraguay,Americas,c,2008,PF,3,3,62
Peru,Americas,c,2008,F,2,3,73
Philippines,Asia,c,2008,PF,4,3,61
Poland,Europe,c,2008,F,1,1,93
Portugal,Europe,c,2008,F,1,1,98
Puerto Rico,Americas,t,2008,F,1,1,92
Qatar,MENA,c,2008,NF,6,5,28
Romania,Europe,c,2008,F,2,2,81
Russia,Eurasia,c,2008,NF,6,5,32
Rwanda,SSA,c,2008,NF,6,5,34
Samoa,Asia,c,2008,F,2,2,81
San Marino,Europe,c,2008,F,1,1,100
Sao Tome and Principe,SSA,c,2008,F,2,2,80
Saudi Arabia,MENA,c,2008,NF,7,6,13
Senegal,SSA,c,2008,F,2,3,73
Serbia,Europe,c,2008,F,3,2,76
Seychelles,SSA,c,2008,PF,3,3,65
Sierra Leone,SSA,c,2008,PF,3,3,63
Singapore,Asia,c,2008,PF,5,4,49
Slovakia,Europe,c,2008,F,1,1,91
Slovenia,Europe,c,2008,F,1,1,91
Solomon Islands,Asia,c,2008,PF,4,3,63
Somalia,SSA,c,2008,NF,7,7,3
South Africa,SSA,c,2008,F,2,2,86
South Korea,Asia,c,2008,F,1,2,86
Spain,Europe,c,2008,F,1,1,96
Sri Lanka,Asia,c,2008,PF,4,4,52
St. Kitts and Nevis,Americas,c,2008,F,1,1,92
St. Lucia,Americas,c,2008,F,1,1,92
St. Vincent and the Grenadines,Americas,c,2008,F,2,1,88
Sudan,SSA,c,2008,NF,7,7,10
Suriname,Americas,c,2008,F,2,2,78
Swaziland,SSA,c,2008,NF,7,5,23
Sweden,Europe,c,2008,F,1,1,100
Switzerland,Europe,c,2008,F,1,1,97
Syria,MENA,c,2008,NF,7,6,9
Taiwan,Asia,c,2008,F,2,1,89
Tajikistan,Eurasia,c,2008,NF,6,5,28
Tanzania,SSA,c,2008,PF,4,3,58
Thailand,Asia,c,2008,PF,6,4,39
The Gambia,SSA,c,2008,PF,5,4,48
Tibet,Asia,t,2008,NF,7,7,2
Timor-Leste,Asia,c,2008,PF,3,4,62
Togo,SSA,c,2008,PF,5,5,38
Tonga,Asia,c,2008,PF,5,3,55
Transnistria,Eurasia,t,2008,NF,6,6,22
Trinidad and Tobago,Americas,c,2008,F,2,2,81
Tunisia,MENA,c,2008,NF,7,5,23
Turkey,Europe,c,2008,PF,3,3,66
Turkmenistan,Eurasia,c,2008,NF,7,7,5
Tuvalu,Asia,c,2008,F,1,1,94
Uganda,SSA,c,2008,PF,5,4,45
Ukraine,Eurasia,c,2008,F,3,2,73
United Arab Emirates,MENA,c,2008,NF,6,5,26
United Kingdom,Europe,c,2008,F,1,1,97
United States,Americas,c,2008,F,1,1,94
Uruguay,Americas,c,2008,F,1,1,97
Uzbekistan,Eurasia,c,2008,NF,7,7,3
Vanuatu,Asia,c,2008,F,2,2,80
Venezuela,Americas,c,2008,PF,4,4,47
Vietnam,Asia,c,2008,NF,7,5,21
Western Sahara,MENA,t,2008,NF,7,6,9
Yemen,MENA,c,2008,PF,5,5,34
Zambia,SSA,c,2008,PF,3,4,60
Zimbabwe,SSA,c,2008,NF,7,6,14
Abkhazia,Eurasia,t,2007,PF,5,5,34
Afghanistan,Asia,c,2007,PF,5,5,35
Albania,Europe,c,2007,PF,3,3,64
Algeria,MENA,c,2007,NF,6,5,36
Andorra,Europe,c,2007,F,1,1,96
Angola,SSA,c,2007,NF,6,5,29
Antigua and Barbuda,Americas,c,2007,F,2,2,77
Argentina,Americas,c,2007,F,2,2,81
Armenia,Eurasia,c,2007,PF,5,4,41
Australia,Asia,c,2007,F,1,1,96
Austria,Europe,c,2007,F,1,1,98
Azerbaijan,Eurasia,c,2007,NF,6,5,32
Bahamas,Americas,c,2007,F,1,1,96
Bahrain,MENA,c,2007,PF,5,5,36
Bangladesh,Asia,c,2007,PF,4,4,53
Barbados,Americas,c,2007,F,1,1,99
Belarus,Eurasia,c,2007,NF,7,6,14
Belgium,Europe,c,2007,F,1,1,98
Belize,Americas,c,2007,F,1,2,87
Benin,SSA,c,2007,F,2,2,82
Bhutan,Asia,c,2007,NF,6,5,31
Bolivia,Americas,c,2007,PF,3,3,71
Bosnia and Herzegovina,Europe,c,2007,PF,3,3,64
Botswana,SSA,c,2007,F,2,2,78
Brazil,Americas,c,2007,F,2,2,76
Brunei,Asia,c,2007,NF,6,5,30
Bulgaria,Europe,c,2007,F,1,2,85
Burkina Faso,SSA,c,2007,PF,5,3,54
Burundi,SSA,c,2007,PF,4,5,45
Cambodia,Asia,c,2007,NF,6,5,35
Cameroon,SSA,c,2007,NF,6,6,27
Canada,Americas,c,2007,F,1,1,99
Cape Verde,SSA,c,2007,F,1,1,90
Central African Republic,SSA,c,2007,PF,5,4,43
Chad,SSA,c,2007,NF,6,6,22
Chechnya,Eurasia,t,2007,NF,7,7,6
Chile,Americas,c,2007,F,1,1,97
China,Asia,c,2007,NF,7,6,17
Colombia,Americas,c,2007,PF,3,3,62
Comoros,SSA,c,2007,PF,3,4,54
Congo (Brazzaville),SSA,c,2007,NF,6,5,35
Congo (Kinshasa),SSA,c,2007,NF,5,6,26
Costa Rica,Americas,c,2007,F,1,1,91
Cote d'Ivoire,SSA,c,2007,NF,7,6,21
Croatia,Europe,c,2007,F,2,2,85
Cuba,Americas,c,2007,NF,7,7,7
Cyprus,Europe,c,2007,F,1,1,95
Czech Republic,Europe,c,2007,F,1,1,95
Denmark,Europe,c,2007,F,1,1,98
Djibouti,SSA,c,2007,PF,5,5,35
Dominica,Americas,c,2007,F,1,1,92
Dominican Republic,Americas,c,2007,F,2,2,80
Ecuador,Americas,c,2007,PF,3,3,69
Egypt,MENA,c,2007,NF,6,5,27
El Salvador,Americas,c,2007,F,2,3,74
Equatorial Guinea,SSA,c,2007,NF,7,6,10
Eritrea,SSA,c,2007,NF,7,6,13
Estonia,Europe,c,2007,F,1,1,95
Ethiopia,SSA,c,2007,PF,5,5,34
Fiji,Asia,c,2007,PF,6,4,38
Finland,Europe,c,2007,F,1,1,100
France,Europe,c,2007,F,1,1,94
Gabon,SSA,c,2007,PF,6,4,37
Georgia,Eurasia,c,2007,PF,3,3,62
Germany,Europe,c,2007,F,1,1,96
Ghana,SSA,c,2007,F,1,2,84
Greece,Europe,c,2007,F,1,2,89
Grenada,Americas,c,2007,F,1,2,86
Guatemala,Americas,c,2007,PF,3,4,57
Guinea,SSA,c,2007,NF,6,5,32
Guinea-Bissau,SSA,c,2007,PF,4,4,55
Guyana,Americas,c,2007,F,2,3,73
Haiti,Americas,c,2007,PF,4,5,42
Honduras,Americas,c,2007,PF,3,3,62
Hong Kong,Asia,t,2007,PF,5,2,67
Hungary,Europe,c,2007,F,1,1,92
Iceland,Europe,c,2007,F,1,1,100
India,Asia,c,2007,F,2,3,76
Indian Kashmir,Asia,t,2007,PF,5,5,40
Indonesia,Asia,c,2007,F,2,3,65
Iran,MENA,c,2007,NF,6,6,23
Iraq,MENA,c,2007,NF,6,6,22
Ireland,Europe,c,2007,F,1,1,97
Israel,MENA,c,2007,F,1,2,84
Israeli Occupied Territories,MENA,t,2007,NF,6,5,25
Italy,Europe,c,2007,F,1,1,92
Jamaica,Americas,c,2007,F,2,3,74
Japan,Asia,c,2007,F,1,2,88
Jordan,MENA,c,2007,PF,5,4,42
Kazakhstan,Eurasia,c,2007,NF,6,5,32
Kenya,SSA,c,2007,PF,3,3,64
Kiribati,Asia,c,2007,F,1,1,91
Kosovo,Eurasia,t,2007,PF,6,5,29
Kuwait,MENA,c,2007,PF,4,4,46
Kyrgyzstan,Eurasia,c,2007,PF,5,4,46
Laos,Asia,c,2007,NF,7,6,13
Latvia,Europe,c,2007,F,1,1,89
Lebanon,MENA,c,2007,PF,5,4,51
Lesotho,SSA,c,2007,F,2,3,73
Liberia,SSA,c,2007,PF,3,4,57
Libya,MENA,c,2007,NF,7,7,8
Liechtenstein,Europe,c,2007,F,1,1,100
Lithuania,Europe,c,2007,F,1,1,90
Luxembourg,Europe,c,2007,F,1,1,100
Macedonia,Europe,c,2007,PF,3,3,60
Madagascar,SSA,c,2007,PF,4,3,59
Malawi,SSA,c,2007,PF,4,3,58
Malaysia,Asia,c,2007,PF,4,4,48
Maldives,Asia,c,2007,NF,6,5,34
Mali,SSA,c,2007,F,2,2,74
Malta,Europe,c,2007,F,1,1,98
Marshall Islands,Asia,c,2007,F,1,1,92
Mauritania,SSA,c,2007,PF,5,4,46
Mauritius,SSA,c,2007,F,1,2,89
Mexico,Americas,c,2007,F,2,3,76
Micronesia,Asia,c,2007,F,1,1,93
Moldova,Eurasia,c,2007,PF,3,4,57
Monaco,Europe,c,2007,F,2,1,87
Mongolia,Asia,c,2007,F,2,2,82
Montenegro,Europe,c,2007,PF,3,3,65
Morocco,MENA,c,2007,PF,5,4,45
Mozambique,SSA,c,2007,PF,3,4,58
Myanmar,Asia,c,2007,NF,7,7,4
Nagorno-Karabakh,Eurasia,t,2007,PF,5,5,35
Namibia,SSA,c,2007,F,2,2,77
Nauru,Asia,c,2007,F,1,1,93
Nepal,Asia,c,2007,PF,5,4,45
Netherlands,Europe,c,2007,F,1,1,99
New Zealand,Asia,c,2007,F,1,1,96
Nicaragua,Americas,c,2007,PF,3,3,67
Niger,SSA,c,2007,PF,3,3,64
Nigeria,SSA,c,2007,PF,4,4,51
North Korea,Asia,c,2007,NF,7,7,1
Northern Cyprus,Europe,t,2007,F,2,2,80
Norway,Europe,c,2007,F,1,1,100
Oman,MENA,c,2007,NF,6,5,28
Pakistan,Asia,c,2007,NF,6,5,35
Pakistani Kashmir,Asia,t,2007,NF,7,5,25
Palau,Asia,c,2007,F,1,1,92
Palestinian Authority Administered Territories,MENA,t,2007,PF,4,6,34
Panama,Americas,c,2007,F,1,2,83
Papua New Guinea,Asia,c,2007,PF,3,3,62
Paraguay,Americas,c,2007,PF,3,3,63
Peru,Americas,c,2007,F,2,3,73
Philippines,Asia,c,2007,PF,3,3,69
Poland,Europe,c,2007,F,1,1,91
Portugal,Europe,c,2007,F,1,1,97
Puerto Rico,Americas,t,2007,F,1,1,92
Qatar,MENA,c,2007,NF,6,5,27
Romania,Europe,c,2007,F,2,2,81
Russia,Eurasia,c,2007,NF,6,5,34
Rwanda,SSA,c,2007,NF,6,5,33
Samoa,Asia,c,2007,F,2,2,81
San Marino,Europe,c,2007,F,1,1,100
Sao Tome and Principe,SSA,c,2007,F,2,2,80
Saudi Arabia,MENA,c,2007,NF,7,6,13
Senegal,SSA,c,2007,F,2,3,76
Serbia,Europe,c,2007,F,3,2,76
Seychelles,SSA,c,2007,PF,3,3,66
Sierra Leone,SSA,c,2007,PF,4,3,60
Singapore,Asia,c,2007,PF,5,4,49
Slovakia,Europe,c,2007,F,1,1,91
Slovenia,Europe,c,2007,F,1,1,91
Solomon Islands,Asia,c,2007,PF,4,3,65
Somalia,SSA,c,2007,NF,7,7,4
South Africa,SSA,c,2007,F,2,2,86
South Korea,Asia,c,2007,F,1,2,87
Spain,Europe,c,2007,F,1,1,96
Sri Lanka,Asia,c,2007,PF,4,4,56
St. Kitts and Nevis,Americas,c,2007,F,1,1,91
St. Lucia,Americas,c,2007,F,1,1,91
St. Vincent and the Grenadines,Americas,c,2007,F,2,1,87
Sudan,SSA,c,2007,NF,7,7,10
Suriname,Americas,c,2007,F,2,2,77
Swaziland,SSA,c,2007,NF,7,5,23
Sweden,Europe,c,2007,F,1,1,100
Switzerland,Europe,c,2007,F,1,1,99
Syria,MENA,c,2007,NF,7,6,9
Taiwan,Asia,c,2007,F,2,1,89
Tajikistan,Eurasia,c,2007,NF,6,5,28
Tanzania,SSA,c,2007,PF,4,3,58
Thailand,Asia,c,2007,NF,7,4,36
The Gambia,SSA,c,2007,PF,5,4,48
Tibet,Asia,t,2007,NF,7,7,3
Timor-Leste,Asia,c,2007,PF,3,4,59
Togo,SSA,c,2007,NF,6,5,29
Tonga,Asia,c,2007,PF,5,3,55
Transnistria,Eurasia,t,2007,NF,6,6,22
Trinidad and Tobago,Americas,c,2007,F,2,2,80
Tunisia,MENA,c,2007,NF,6,5,24
Turkey,Europe,c,2007,PF,3,3,65
Turkmenistan,Eurasia,c,2007,NF,7,7,1
Tuvalu,Asia,c,2007,F,1,1,94
Uganda,SSA,c,2007,PF,5,4,46
Ukraine,Eurasia,c,2007,F,3,2,73
United Arab Emirates,MENA,c,2007,NF,6,5,25
United Kingdom,Europe,c,2007,F,1,1,98
United States,Americas,c,2007,F,1,1,93
Uruguay,Americas,c,2007,F,1,1,97
Uzbekistan,Eurasia,c,2007,NF,7,7,3
Vanuatu,Asia,c,2007,F,2,2,80
Venezuela,Americas,c,2007,PF,4,4,51
Vietnam,Asia,c,2007,NF,7,5,21
Western Sahara,MENA,t,2007,NF,7,6,8
Yemen,MENA,c,2007,PF,5,5,33
Zambia,SSA,c,2007,PF,3,4,59
Zimbabwe,SSA,c,2007,NF,7,6,13
Abkhazia,Eurasia,t,2006,PF,5,5,34
Afghanistan,Asia,c,2006,PF,5,5,35
Albania,Europe,c,2006,PF,3,3,63
Algeria,MENA,c,2006,NF,6,5,36
Andorra,Europe,c,2006,F,1,1,96
Angola,SSA,c,2006,NF,6,5,29
Antigua and Barbuda,Americas,c,2006,F,2,2,77
Argentina,Americas,c,2006,F,2,2,84
Armenia,Eurasia,c,2006,PF,5,4,41
Australia,Asia,c,2006,F,1,1,96
Austria,Europe,c,2006,F,1,1,98
Azerbaijan,Eurasia,c,2006,NF,6,5,33
Bahamas,Americas,c,2006,F,1,1,96
Bahrain,MENA,c,2006,PF,5,5,36
Bangladesh,Asia,c,2006,PF,4,4,53
Barbados,Americas,c,2006,F,1,1,99
Belarus,Eurasia,c,2006,NF,7,6,15
Belgium,Europe,c,2006,F,1,1,97
Belize,Americas,c,2006,F,1,2,88
Benin,SSA,c,2006,F,2,2,78
Bhutan,Asia,c,2006,NF,6,5,29
Bolivia,Americas,c,2006,PF,3,3,71
Bosnia and Herzegovina,Europe,c,2006,PF,4,3,62
Botswana,SSA,c,2006,F,2,2,78
Brazil,Americas,c,2006,F,2,2,77
Brunei,Asia,c,2006,NF,6,5,29
Bulgaria,Europe,c,2006,F,1,2,87
Burkina Faso,SSA,c,2006,PF,5,3,53
Burundi,SSA,c,2006,PF,3,5,49
Cambodia,Asia,c,2006,NF,6,5,35
Cameroon,SSA,c,2006,NF,6,6,27
Canada,Americas,c,2006,F,1,1,98
Cape Verde,SSA,c,2006,F,1,1,90
Central African Republic,SSA,c,2006,PF,5,4,44
Chad,SSA,c,2006,NF,6,5,26
Chechnya,Eurasia,t,2006,NF,7,7,5
Chile,Americas,c,2006,F,1,1,96
China,Asia,c,2006,NF,7,6,17
Colombia,Americas,c,2006,PF,3,3,60
Comoros,SSA,c,2006,PF,4,4,48
Congo (Brazzaville),SSA,c,2006,PF,5,5,37
Congo (Kinshasa),SSA,c,2006,NF,6,6,20
Costa Rica,Americas,c,2006,F,1,1,92
Cote d'Ivoire,SSA,c,2006,NF,6,6,21
Croatia,Europe,c,2006,F,2,2,84
Cuba,Americas,c,2006,NF,7,7,8
Cyprus,Europe,c,2006,F,1,1,95
Czech Republic,Europe,c,2006,F,1,1,92
Denmark,Europe,c,2006,F,1,1,98
Djibouti,SSA,c,2006,PF,5,5,35
Dominica,Americas,c,2006,F,1,1,92
Dominican Republic,Americas,c,2006,F,2,2,78
Ecuador,Americas,c,2006,PF,3,3,68
Egypt,MENA,c,2006,NF,6,5,30
El Salvador,Americas,c,2006,F,2,3,75
Equatorial Guinea,SSA,c,2006,NF,7,6,10
Eritrea,SSA,c,2006,NF,7,6,14
Estonia,Europe,c,2006,F,1,1,95
Ethiopia,SSA,c,2006,PF,5,5,36
Fiji,Asia,c,2006,PF,4,3,62
Finland,Europe,c,2006,F,1,1,100
France,Europe,c,2006,F,1,1,93
Gabon,SSA,c,2006,PF,6,4,40
Georgia,Eurasia,c,2006,PF,3,3,61
Germany,Europe,c,2006,F,1,1,97
Ghana,SSA,c,2006,F,1,2,84
Greece,Europe,c,2006,F,1,2,88
Grenada,Americas,c,2006,F,1,2,87
Guatemala,Americas,c,2006,PF,4,4,55
Guinea,SSA,c,2006,NF,6,5,32
Guinea-Bissau,SSA,c,2006,PF,3,4,59
Guyana,Americas,c,2006,PF,3,3,70
Haiti,Americas,c,2006,NF,7,6,21
Honduras,Americas,c,2006,PF,3,3,66
Hong Kong,Asia,t,2006,PF,5,2,67
Hungary,Europe,c,2006,F,1,1,93
Iceland,Europe,c,2006,F,1,1,100
India,Asia,c,2006,F,2,3,76
Indian Kashmir,Asia,t,2006,PF,5,5,40
Indonesia,Asia,c,2006,F,2,3,65
Iran,MENA,c,2006,NF,6,6,24
Iraq,MENA,c,2006,NF,6,5,28
Ireland,Europe,c,2006,F,1,1,98
Israel,MENA,c,2006,F,1,2,83
Israeli Occupied Territories,MENA,t,2006,NF,6,5,24
Italy,Europe,c,2006,F,1,1,92
Jamaica,Americas,c,2006,F,2,3,74
Japan,Asia,c,2006,F,1,2,88
Jordan,MENA,c,2006,PF,5,4,42
Kazakhstan,Eurasia,c,2006,NF,6,5,32
Kenya,SSA,c,2006,PF,3,3,66
Kiribati,Asia,c,2006,F,1,1,93
Kosovo,Eurasia,t,2006,PF,6,5,29
Kuwait,MENA,c,2006,PF,4,5,43
Kyrgyzstan,Eurasia,c,2006,PF,5,4,47
Laos,Asia,c,2006,NF,7,6,13
Latvia,Europe,c,2006,F,1,1,89
Lebanon,MENA,c,2006,PF,5,4,46
Lesotho,SSA,c,2006,F,2,3,74
Liberia,SSA,c,2006,PF,4,4,56
Libya,MENA,c,2006,NF,7,7,7
Liechtenstein,Europe,c,2006,F,1,1,99
Lithuania,Europe,c,2006,F,1,1,90
Luxembourg,Europe,c,2006,F,1,1,100
Macedonia,Europe,c,2006,PF,3,3,61
Madagascar,SSA,c,2006,PF,3,3,60
Malawi,SSA,c,2006,PF,4,4,57
Malaysia,Asia,c,2006,PF,4,4,50
Maldives,Asia,c,2006,NF,6,5,31
Mali,SSA,c,2006,F,2,2,74
Malta,Europe,c,2006,F,1,1,98
Marshall Islands,Asia,c,2006,F,1,1,92
Mauritania,SSA,c,2006,PF,6,4,38
Mauritius,SSA,c,2006,F,1,1,91
Mexico,Americas,c,2006,F,2,2,80
Micronesia,Asia,c,2006,F,1,1,93
Moldova,Eurasia,c,2006,PF,3,4,57
Monaco,Europe,c,2006,F,2,1,87
Mongolia,Asia,c,2006,F,2,2,83
Morocco,MENA,c,2006,PF,5,4,43
Mozambique,SSA,c,2006,PF,3,4,56
Myanmar,Asia,c,2006,NF,7,7,5
Nagorno-Karabakh,Eurasia,t,2006,PF,5,5,35
Namibia,SSA,c,2006,F,2,2,77
Nauru,Asia,c,2006,F,1,1,93
Nepal,Asia,c,2006,NF,6,5,28
Netherlands,Europe,c,2006,F,1,1,99
New Zealand,Asia,c,2006,F,1,1,96
Nicaragua,Americas,c,2006,PF,3,3,63
Niger,SSA,c,2006,PF,3,3,62
Nigeria,SSA,c,2006,PF,4,4,48
North Korea,Asia,c,2006,NF,7,7,0
Northern Cyprus,Europe,t,2006,F,2,2,80
Norway,Europe,c,2006,F,1,1,100
Oman,MENA,c,2006,NF,6,5,28
Pakistan,Asia,c,2006,NF,6,5,35
Pakistani Kashmir,Asia,t,2006,NF,7,5,25
Palau,Asia,c,2006,F,1,1,92
Palestinian Authority Administered Territories,MENA,t,2006,PF,5,5,33
Panama,Americas,c,2006,F,1,2,83
Papua New Guinea,Asia,c,2006,PF,3,3,64
Paraguay,Americas,c,2006,PF,3,3,63
Peru,Americas,c,2006,F,2,3,74
Philippines,Asia,c,2006,PF,3,3,72
Poland,Europe,c,2006,F,1,1,92
Portugal,Europe,c,2006,F,1,1,97
Puerto Rico,Americas,t,2006,F,1,1,92
Qatar,MENA,c,2006,NF,6,5,27
Romania,Europe,c,2006,F,2,2,75
Russia,Eurasia,c,2006,NF,6,5,35
Rwanda,SSA,c,2006,NF,6,5,32
Samoa,Asia,c,2006,F,2,2,81
San Marino,Europe,c,2006,F,1,1,100
Sao Tome and Principe,SSA,c,2006,F,2,2,80
Saudi Arabia,MENA,c,2006,NF,7,6,12
Senegal,SSA,c,2006,F,2,3,76
Serbia and Montenegro,Europe,c,2006,F,3,2,76
Seychelles,SSA,c,2006,PF,3,3,68
Sierra Leone,SSA,c,2006,PF,4,3,60
Singapore,Asia,c,2006,PF,5,4,50
Slovakia,Europe,c,2006,F,1,1,91
Slovenia,Europe,c,2006,F,1,1,92
Solomon Islands,Asia,c,2006,PF,3,3,66
Somalia,SSA,c,2006,NF,6,7,15
South Africa,SSA,c,2006,F,1,2,88
South Korea,Asia,c,2006,F,1,2,85
Spain,Europe,c,2006,F,1,1,95
Sri Lanka,Asia,c,2006,PF,3,3,59
St. Kitts and Nevis,Americas,c,2006,F,1,1,91
St. Lucia,Americas,c,2006,F,1,1,91
St. Vincent and the Grenadines,Americas,c,2006,F,2,1,85
Sudan,SSA,c,2006,NF,7,7,7
Suriname,Americas,c,2006,F,2,2,78
Swaziland,SSA,c,2006,NF,7,5,21
Sweden,Europe,c,2006,F,1,1,100
Switzerland,Europe,c,2006,F,1,1,99
Syria,MENA,c,2006,NF,7,7,8
Taiwan,Asia,c,2006,F,1,1,91
Tajikistan,Eurasia,c,2006,NF,6,5,30
Tanzania,SSA,c,2006,PF,4,3,58
Thailand,Asia,c,2006,PF,3,3,67
The Gambia,SSA,c,2006,PF,5,4,49
Tibet,Asia,t,2006,NF,7,7,3
Timor-Leste,Asia,c,2006,PF,3,3,67
Togo,SSA,c,2006,NF,6,5,25
Tonga,Asia,c,2006,PF,5,3,57
Transnistria,Eurasia,t,2006,NF,6,6,21
Trinidad and Tobago,Americas,c,2006,F,3,2,74
Tunisia,MENA,c,2006,NF,6,5,24
Turkey,Europe,c,2006,PF,3,3,65
Turkmenistan,Eurasia,c,2006,NF,7,7,1
Tuvalu,Asia,c,2006,F,1,1,94
Uganda,SSA,c,2006,PF,5,4,45
Ukraine,Eurasia,c,2006,F,3,2,72
United Arab Emirates,MENA,c,2006,NF,6,6,22
United Kingdom,Europe,c,2006,F,1,1,96
United States,Americas,c,2006,F,1,1,93
Uruguay,Americas,c,2006,F,1,1,97
Uzbekistan,Eurasia,c,2006,NF,7,7,3
Vanuatu,Asia,c,2006,F,2,2,80
Venezuela,Americas,c,2006,PF,4,4,54
Vietnam,Asia,c,2006,NF,7,5,19
Western Sahara,MENA,t,2006,NF,7,6,8
Yemen,MENA,c,2006,PF,5,5,31
Zambia,SSA,c,2006,PF,4,4,56
Zimbabwe,SSA,c,2006,NF,7,6,15
